phone_title,price,rating,specs_score,likes,disp_diag,camera,storage,ram,battery_capacity,battery_type,disp_height,disp_width,oper_syst_type,oper_syst_vers,brand,year_of_release
Gionee M7 Power,15880.0,4.0,56,13,6.0,8.0,64.0,4.0,4000.0, Li-Po,1440.0,720.0,Android,7,Gionee,2017
Gionee M7,15880.0,4.5,69,8,6.01,8.0,64.0,6.0,4000.0, Li-Po,2160.0,1080.0,Android,7,Gionee,2017
Samsung Galaxy M21 6GB/128GB,21590.0,4.3,100,30,6.4,20.0,128.0,6.0,6000.0, Li-Po,2340.0,1080.0,Android,10,Samsung,2020
Samsung Galaxy M21 4GB/64GB,22499.0,3.8,94,31,6.4,20.0,64.0,4.0,6000.0, Li-Po,2340.0,1080.0,Android,10,Samsung,2020
Samsung Galaxy A31 6GB/128GB,24999.0,3.8,98,31,6.4,20.0,128.0,6.0,5000.0, Li-Po,2400.0,1080.0,Android,10,Samsung,2020
Samsung Galaxy A31 4GB/64GB,24499.0,5.0,90,15,6.4,20.0,64.0,4.0,5000.0, Li-Po,2400.0,1080.0,Android,10,Samsung,2020
Samsung Galaxy A11 3GB/32GB,13299.0,4.0,54,13,6.4,8.0,32.0,3.0,4000.0, Li-Po,1560.0,720.0,Android,10,Samsung,2020
Samsung Galaxy A11 2GB/32GB,14999.0,3.7,53,16,6.4,8.0,32.0,2.0,4000.0, Li-Po,1560.0,720.0,Android,10,Samsung,2020
Samsung Galaxy M31 6GB/128GB,25999.0,3.7,100,84,6.4,32.0,128.0,6.0,6000.0, Li-Po,2340.0,1080.0,Android,10,Samsung,2020
Samsung Galaxy M31 6GB/64GB,26850.0,3.5,100,22,6.4,32.0,64.0,6.0,6000.0, Li-Po,2340.0,1080.0,Android,10,Samsung,2020
Samsung Galaxy Z Flip 8GB/256GB,109999.0,5.0,82,19,6.7,10.0,256.0,8.0,3300.0, Li-Po,2636.0,1080.0,Android,10,Samsung,2020
Samsung Galaxy Xcover Pro 4GB/64GB,769.0,5.0,73,10,6.3,13.0,64.0,4.0,4500.0, Li-Po,2340.0,1080.0,Android,10,Samsung,2020
Samsung Galaxy S20 Ultra,104999.0,3.9,100,70,6.9,40.0,128.0,12.0,5000.0, Li-Po,3200.0,1440.0,Android,10,Samsung,2020
Samsung Galaxy S20+ (S20 Plus),74999.0,4.1,55,39,6.7,10.0,128.0,8.0,4500.0, Li-Po,3200.0,1440.0,Android,10,Samsung,2020
Samsung Galaxy S20,71999.0,4.3,78,28,6.2,10.0,128.0,8.0,4000.0, Li-Po,3200.0,1440.0,Android,10,Samsung,2020
Samsung Galaxy S10 Lite 8GB/128GB,46499.0,4.2,100,36,6.7,32.0,128.0,8.0,4500.0, Li-Po,2400.0,1080.0,Android,10,Samsung,2020
Samsung Galaxy S10 Lite 6GB/128GB,940.0,4.2,100,22,6.7,32.0,128.0,6.0,4500.0, Li-Po,2400.0,1080.0,Android,10,Samsung,2020
Samsung Galaxy Note 10 Lite 8GB/128GB,44999.0,4.2,77,19,6.7,32.0,128.0,8.0,4500.0, Li-Po,2400.0,1080.0,Android,10,Samsung,2020
Samsung Galaxy Note 10 Lite 6GB/128GB,43999.0,3.8,73,26,6.7,32.0,128.0,6.0,4500.0, Li-Po,2400.0,1080.0,Android,10,Samsung,2020
Samsung Galaxy A51 4GB/128GB,29199.0,3.9,92,58,6.5,32.0,128.0,4.0,4000.0, Li-Po,2400.0,1080.0,Android,10,Samsung,2019
Samsung Galaxy A01 2GB/16GB,10999.0,4.3,50,24,5.7,5.0,16.0,2.0,3000.0, Li-Ion,1560.0,720.0,Android,10,Samsung,2019
Samsung Galaxy A71 8GB/128GB,38899.0,3.8,100,90,6.7,32.0,128.0,8.0,4500.0, Li-Po,2400.0,1080.0,Android,10,Samsung,2019
Samsung Galaxy A71 6GB/128GB,39799.0,4.0,100,30,6.7,32.0,128.0,6.0,4500.0, Li-Po,2400.0,1080.0,Android,10,Samsung,2019
Samsung Galaxy A51 6GB/128GB,29499.0,3.8,95,58,6.5,32.0,128.0,6.0,4000.0, Li-Po,2400.0,1080.0,Android,10,Samsung,2019
Samsung Galaxy A60 4GB/64GB,24000.0,3.5,74,47,6.3,16.0,64.0,4.0,3500.0, Li-Po,2340.0,1080.0,Android,9,Samsung,2019
Samsung Galaxy A90 5G 8GB/128GB,1150.0,3.5,100,50,6.7,32.0,128.0,8.0,4500.0, Li-Po,2400.0,1080.0,Android,9,Samsung,2019
Samsung Galaxy A90 5G 6GB/128GB,1150.0,3.7,100,18,6.7,32.0,128.0,6.0,4500.0, Li-Po,2400.0,1080.0,Android,9,Samsung,2019
Samsung Galaxy A70s 8GB/128GB,33000.0,4.0,100,54,6.7,32.0,128.0,8.0,4500.0, Li-Po,2400.0,1080.0,Android,9,Samsung,2019
Samsung Galaxy A70s 6GB/128GB,799.0,4.2,100,41,6.7,32.0,128.0,6.0,4500.0, Li-Po,2400.0,1080.0,Android,9,Samsung,2019
Samsung Galaxy A20s 4GB/64GB,17299.0,3.0,58,52,6.5,8.0,64.0,4.0,4000.0, Li-Po,1560.0,720.0,Android,9,Samsung,2019
Samsung Galaxy A20s 3GB/32GB,17099.0,3.5,54,57,6.5,8.0,32.0,3.0,4000.0, Li-Po,1560.0,720.0,Android,9,Samsung,2019
Samsung Galaxy M30s 6GB/128GB,25499.0,3.3,100,113,6.4,16.0,128.0,6.0,6000.0, Li-Po,2400.0,1080.0,Android,9,Samsung,2019
Samsung Galaxy M30s 4GB/64GB,21500.0,4.1,94,98,6.4,16.0,64.0,4.0,6000.0, Li-Po,2400.0,1080.0,Android,9,Samsung,2019
Samsung Galaxy M10s 3GB/32GB,15399.0,2.8,53,30,6.4,8.0,32.0,3.0,4000.0, Li-Ion,1560.0,720.0,Android,9,Samsung,2019
Samsung Galaxy A30s 4GB/128GB,21999.0,3.7,70,77,6.4,16.0,128.0,4.0,4000.0, Li-Po,1560.0,720.0,Android,9,Samsung,2019
Samsung Galaxy A30s 4GB/64GB,20500.0,1.8,67,58,6.4,16.0,64.0,4.0,4000.0, Li-Po,1560.0,720.0,Android,9,Samsung,2019
Samsung Galaxy A30s 3GB/32GB,23299.0,3.8,63,28,6.4,16.0,32.0,3.0,4000.0, Li-Po,1560.0,720.0,Android,9,Samsung,2019
Samsung Galaxy A50s 6GB/128GB,27999.0,3.9,95,69,6.4,32.0,128.0,6.0,4000.0, Li-Po,2340.0,1080.0,Android,9,Samsung,2019
Samsung Galaxy A50s 4GB/64GB,24499.0,4.8,88,20,6.4,32.0,64.0,4.0,4000.0, Li-Po,2340.0,1080.0,Android,9,Samsung,2019
Samsung Galaxy Note 10+ (Note 10 Plus) 5G 12GB/51...,44999.0,4.5,100,34,6.8,10.0,512.0,12.0,4300.0, Li-Ion,3040.0,1440.0,Android,9,Samsung,2019
Samsung Galaxy Note 10+ (Note 10 Plus) 5G 12GB/25...,44999.0,2.7,92,73,6.8,10.0,256.0,12.0,4300.0, Li-Ion,3040.0,1440.0,Android,9,Samsung,2019
Samsung Galaxy Note 10+ (Note 10 Plus) 12GB/512GB,44999.0,2.3,100,30,6.8,10.0,512.0,12.0,4300.0, Li-Ion,3040.0,1440.0,Android,9,Samsung,2019
Samsung Galaxy Note 10+ (Note 10 Plus) 12GB/256GB,82999.0,4.0,92,53,6.8,10.0,256.0,12.0,4300.0, Li-Ion,3040.0,1440.0,Android,9,Samsung,2019
Samsung Galaxy Note 10 5G 12GB/256GB,1461.0,4.0,88,11,6.3,10.0,256.0,12.0,3500.0, Li-Ion,2280.0,1080.0,Android,9,Samsung,2019
Samsung Galaxy Note 10 8GB/256GB,71999.0,4.1,81,31,6.3,10.0,256.0,8.0,3500.0, Li-Ion,2280.0,1080.0,Android,9,Samsung,2019
Samsung Galaxy A40,21999.0,4.2,60,46,5.9,25.0,64.0,4.0,3100.0, Li-Po,2340.0,1080.0,Android,9,Samsung,2019
Samsung Galaxy M40 6GB/128GB,26500.0,4.3,81,44,6.3,16.0,128.0,6.0,3500.0, Li-Po,2340.0,1080.0,Android,9,Samsung,2019
Samsung Galaxy M40 4GB/64GB,659.0,4.0,74,18,6.3,16.0,64.0,4.0,3500.0, Li-Po,2340.0,1080.0,Android,9,Samsung,2019
Samsung Galaxy A60,25000.0,4.3,81,92,6.3,16.0,128.0,6.0,3500.0, Li-Po,2340.0,1080.0,Android,9,Samsung,2019
Samsung Galaxy A50 128GB 4GB,26999.0,3.6,75,260,6.4,25.0,128.0,4.0,4000.0, Li-Po,2340.0,1080.0,Android,9,Samsung,2019
Samsung Galaxy A20e,17299.0,3.4,51,21,5.8,8.0,32.0,3.0,3000.0, Li-Po,1560.0,720.0,Android,9,Samsung,2019
Samsung Galaxy A2 Core,8800.0,2.8,40,17,5.0,5.0,8.0,1.0,2600.0, Li-Ion,960.0,540.0,Android,8,Samsung,2019
Samsung Galaxy M20 64GB,18499.0,3.7,63,101,6.3,8.0,64.0,4.0,5000.0, Li-Po,2340.0,1080.0,Android,8,Samsung,2019
Samsung Galaxy A70 128GB 6GB,33000.0,3.6,83,286,6.7,32.0,128.0,6.0,4500.0, Li-Po,2400.0,1080.0,Android,9,Samsung,2019
Samsung Galaxy A20,17299.0,2.9,53,183,6.4,8.0,32.0,3.0,4000.0, Li-Po,1560.0,720.0,Android,9,Samsung,2019
Samsung Galaxy M10 32GB,14799.0,2.8,52,23,6.22,5.0,32.0,3.0,3400.0, Li-Ion,1520.0,720.0,Android,8,Samsung,2019
Samsung Galaxy A30 64GB,23299.0,3.4,62,197,6.4,16.0,64.0,4.0,4000.0, Li-Po,2340.0,1080.0,Android,9,Samsung,2019
Samsung Galaxy M30 64GB,23500.0,3.9,63,104,6.4,16.0,64.0,4.0,5000.0, Li-Po,2280.0,1080.0,Android,9,Samsung,2019
Samsung Galaxy A50 64GB,1999.0,4.2,72,82,6.4,25.0,64.0,4.0,4000.0, Li-Po,2340.0,1080.0,Android,9,Samsung,2019
Sony Xperia X 32GB,12929.0,4.5,58,10,5.0,13.0,32.0,3.0,2620.0, Li-Ion,1920.0,1080.0,Android,6,Sony,2016
Sony Xperia Z5 Premium,39500.0,4.0,70,6,5.5,51.0,32.0,3.0,3430.0, Li-Ion,3840.0,2160.0,Android,5,Sony,2015
Sony Xperia Z5 Dual,20000.0,3.5,62,9,5.2,51.0,32.0,3.0,2900.0, Li-Ion,1920.0,1080.0,Android,5,Sony,2015
Sony Xperia Z3 Plus,1315.0,4.0,61,10,5.2,51.0,32.0,3.0,2930.0, Li-Ion,1920.0,1080.0,Android,5,Sony,2015
Sony Xperia Z3 Dual 32GB,689.0,2.6,58,12,5.2,22.0,32.0,3.0,3100.0, Li-Ion,1920.0,1080.0,Android,4,Sony,2014
Sony Xperia Z3 Dual 16GB,609.0,4.5,57,5,5.2,22.0,16.0,3.0,3100.0, Li-Ion,1920.0,1080.0,Android,4,Sony,2014
Sony Xperia C5 Ultra,499.0,4.3,50,1,6.0,13.0,16.0,2.0,2930.0, Li-Ion,1920.0,1080.0,Android,5,Sony,2015
Sony Xperia L1,13500.0,3.3,40,15,5.5,5.0,16.0,2.0,2620.0, Li-Ion,1280.0,720.0,Android,7,Sony,2017
Sony Xperia C4,1400.0,2.7,49,6,5.5,5.0,16.0,2.0,2600.0, Li-Ion,1920.0,1080.0,Android,5,Sony,2015
Sony Xperia E5,1400.0,3.0,38,8,5.0,5.0,16.0,15.0,2300.0, Li-Po,1280.0,720.0,Android,6,Sony,2016
Lenovo Legion Pro (Duel) 12GB/256GB,1285.0,3.8,100,10,6.65,20.0,256.0,12.0,5000.0, Li-Po,2340.0,1080.0,Android,10,Lenovo,2021
Lenovo Z6 Youth 6GB/128GB,1285.0,3.7,72,25,6.3,16.0,128.0,6.0,4050.0, Li-Po,2340.0,1080.0,Android,9,Lenovo,2019
Lenovo Z6 Youth 4GB/64GB,1285.0,4.6,65,18,6.3,16.0,64.0,4.0,4050.0, Li-Po,2340.0,1080.0,Android,9,Lenovo,2019
Lenovo Z6 Pro 12GB/512GB,1285.0,4.0,100,12,6.39,32.0,512.0,12.0,4000.0, Li-Po,2340.0,1080.0,Android,9,Lenovo,2019
Lenovo Z6 Pro 8GB/256GB,1285.0,5.0,100,6,6.39,32.0,256.0,8.0,4000.0, Li-Po,2340.0,1080.0,Android,9,Lenovo,2019
Lenovo Z6 Pro 8GB/128GB,1285.0,5.0,100,10,6.39,32.0,128.0,8.0,4000.0, Li-Po,2340.0,1080.0,Android,9,Lenovo,2019
Lenovo Z6 Pro 6GB/128GB,29999.0,5.0,98,10,6.39,32.0,128.0,6.0,4000.0, Li-Po,2340.0,1080.0,Android,9,Lenovo,2019
Lenovo Z6 8GB/128GB,29999.0,5.0,81,12,6.39,16.0,128.0,8.0,4000.0, Li-Po,2340.0,1080.0,Android,9,Lenovo,2019
Lenovo Z6 6GB/128GB,29999.0,5.0,77,10,6.39,16.0,128.0,6.0,4000.0, Li-Po,2340.0,1080.0,Android,9,Lenovo,2019
Lenovo Z6 6GB/64GB,599.0,4.5,74,8,6.39,16.0,64.0,6.0,4000.0, Li-Po,2340.0,1080.0,Android,9,Lenovo,2019
Lenovo Z5s,17674.0,3.6,63,15,6.3,16.0,64.0,4.0,3300.0, Li-Ion,2340.0,1080.0,Android,9,Lenovo,2018
Lenovo S5,17000.0,4.5,55,12,5.7,16.0,32.0,3.0,3000.0, Li-Po,2160.0,1080.0,Android,8,Lenovo,2018
Lenovo K5 Play,1999.0,4.5,47,5,5.7,8.0,16.0,2.0,3000.0, Li-Ion,1440.0,720.0,Android,8,Lenovo,2018
Lenovo K5,10999.0,4.5,50,9,5.7,8.0,32.0,3.0,3000.0, Li-Ion,1440.0,720.0,Android,7,Lenovo,2018
Lenovo K6 Power,1185.0,3.5,55,6,5.0,8.0,32.0,3.0,4000.0, Li-Ion,1920.0,1080.0,Android,6,Lenovo,2016
Lenovo K8 Note,14000.0,3.0,66,24,5.5,13.0,64.0,4.0,4000.0, Li-Po,1920.0,1080.0,Android,7,Lenovo,2017
Lenovo Vibe S1 Lite,17500.0,2.0,48,6,5.0,8.0,16.0,2.0,2700.0, Li-Po,1920.0,1080.0,Android,5,Lenovo,2016
Lenovo Phab,10970.0,2.5,41,2,6.98,5.0,16.0,1.0,4250.0, Li-Po,1280.0,720.0,Android,5,Lenovo,2015
Lenovo Phab Plus,10970.0,3.0,50,5,6.8,5.0,32.0,2.0,3500.0, Li-Po,1920.0,1080.0,Android,5,Lenovo,2015
Lenovo K6 Note,879.0,3.5,56,7,5.5,8.0,32.0,3.0,4000.0, Li-Po,1920.0,1080.0,Android,6,Lenovo,2016
Lenovo K6 16GB,699.0,3.5,49,5,5.0,8.0,16.0,2.0,3000.0, Li-Ion,1920.0,1080.0,Android,6,Lenovo,2016
Lenovo Vibe X2,20000.0,4.0,52,4,5.0,5.0,32.0,2.0,2300.0, Li-Po,1920.0,1080.0,Android,4,Lenovo,2014
Tecno Camon 11 Pro,18500.0,3.8,58,105,6.2,24.0,64.0,6.0,3750.0, Li-Ion,1500.0,720.0,Android,8,Tecno,2018
Tecno Camon 11,11999.0,3.2,44,90,6.2,16.0,16.0,2.0,3750.0, Li-Ion,1500.0,720.0,Android,8,Tecno,2018
Tecno Spark 2 32GB,13800.0,4.0,43,52,6.0,8.0,32.0,2.0,3500.0, Li-Ion,1440.0,720.0,Android,8,Tecno,2018
Tecno Camon X 32GB,2985.0,3.9,57,86,6.0,20.0,32.0,3.0,3750.0, Li-Po,1440.0,720.0,Android,8,Tecno,2017
Tecno Spark 2,10500.0,3.4,40,172,6.0,8.0,16.0,1.0,3500.0, Li-Ion,1440.0,720.0,Android,8,Tecno,2018
Tecno F2 LTE,14890.0,3.1,29,22,5.0,5.0,8.0,1.0,2400.0, Li-Ion,480.0,854.0,Android,8,Tecno,2018
Tecno Pouvoir 2 Pro,16000.0,4.0,48,77,6.0,13.0,16.0,3.0,5000.0, Li-Po,720.0,1440.0,Android,8,Tecno,2018
Tecno Pouvoir 2,13500.0,3.7,46,81,6.0,8.0,16.0,2.0,5000.0, Li-Po,720.0,1440.0,Android,8,Tecno,2018
Tecno Pouvoir 1,2985.0,2.0,41,21,5.5,5.0,16.0,1.0,5000.0, Li-Po,1280.0,720.0,Android,7,Tecno,2018
Tecno F3 (POP 1),9000.0,3.8,29,38,5.5,5.0,8.0,1.0,2400.0, Li-Ion,480.0,960.0,Android,7,Tecno,2018
Tecno F2,11999.0,3.4,28,38,5.0,2.0,8.0,1.0,2000.0, Li-Ion,480.0,854.0,Android,7,Tecno,2018
Tecno Camon X Pro,699.0,4.5,63,191,6.0,24.0,64.0,4.0,3750.0, Li-Po,2160.0,1080.0,Android,8,Tecno,2017
Tecno Camon X,11499.0,3.9,56,77,6.0,20.0,16.0,3.0,3750.0, Li-Po,1440.0,720.0,Android,8,Tecno,2017
Tecno Spark Pro K8,24999.0,3.9,38,77,5.5,8.0,16.0,1.0,3000.0, Li-Ion,1280.0,720.0,Android,7,Tecno,2017
Tecno Spark K7 Plus,1999.0,3.9,46,51,5.5,5.0,16.0,2.0,3000.0, Li-Ion,1280.0,720.0,Android,7,Tecno,2017
Tecno Camon CM,550.0,3.9,40,94,5.7,13.0,16.0,2.0,3000.0, Li-Po,1440.0,720.0,Android,7,Tecno,2018
Tecno Phantom 8,550.0,4.3,67,165,5.7,20.0,64.0,6.0,3500.0, Li-Ion,1920.0,1080.0,Android,7,Tecno,2017
Tecno Phantom 5,600.0,3.6,52,29,5.5,8.0,32.0,3.0,3000.0, Li-Ion,1920.0,1080.0,Android,5,Tecno,2015
Tecno Boom J8,630.0,3.8,46,69,5.5,5.0,16.0,2.0,3000.0, Li-Ion,1280.0,720.0,Android,5,Tecno,2016
Tecno L8,630.0,4.0,41,21,5.5,2.0,16.0,1.0,5050.0, Li-Po,1280.0,720.0,Android,5,Tecno,2016
Tecno L8 Plus,550.0,3.5,43,17,5.5,2.0,16.0,2.0,5050.0, Li-Po,1280.0,720.0,Android,5,Tecno,2016
Tecno Camon C7,550.0,3.7,39,41,5.0,13.0,16.0,2.0,2500.0, Li-Ion,1280.0,720.0,Android,6,Tecno,2017
Tecno Camon C9,20999.0,3.7,48,62,5.5,13.0,16.0,2.0,3000.0, Li-Ion,1920.0,1080.0,Android,6,Tecno,2016
Tecno Camon C9 Plus,1150.0,3.6,51,39,5.5,13.0,32.0,3.0,3000.0, Li-Ion,1920.0,1080.0,Android,6,Tecno,2016
Tecno Phantom 6,499.0,3.7,54,55,5.5,8.0,32.0,3.0,2700.0, Li-Po,1920.0,1080.0,Android,6,Tecno,2016
Tecno Phantom 6 Plus,499.0,3.9,70,78,6.0,8.0,64.0,4.0,4050.0, Li-Ion,1920.0,1080.0,Android,6,Tecno,2016
Tecno W5 Lite,39999.0,3.0,39,18,5.5,2.0,16.0,1.0,3000.0, Li-Ion,1280.0,720.0,Android,6,Tecno,2016
Tecno L8 Lite,39999.0,4.1,38,24,5.0,2.0,16.0,1.0,4000.0, Li-Ion,1280.0,720.0,Android,6,Tecno,2017
Oppo A31 4GB/64GB,17999.0,3.3,61,32,6.5,8.0,64.0,4.0,4230.0, Li-Po,1600.0,720.0,Android,9,Oppo,2015
Oppo Reno 3 Youth 8GB/128GB,25000.0,3.8,100,14,6.4,32.0,128.0,8.0,4025.0, Li-Po,2400.0,1080.0,Android,10,Oppo,2020
Oppo F15 8GB/128GB,31000.0,2.8,98,23,6.4,16.0,128.0,8.0,4025.0, Li-Po,2400.0,1080.0,Android,9,Oppo,2020
Oppo Reno 3 Pro 12GB/256GB,1150.0,3.9,100,36,6.5,32.0,256.0,12.0,4025.0, Li-Po,2400.0,1080.0,Android,10,Oppo,2020
Oppo Reno 3 Pro 8GB/128GB,299.0,3.8,99,37,6.5,32.0,128.0,8.0,4025.0, Li-Po,2400.0,1080.0,Android,10,Oppo,2020
Oppo Reno 3 12GB/128GB,999.0,4.5,100,10,6.4,32.0,128.0,12.0,4025.0, Li-Po,2400.0,1080.0,Android,10,Oppo,2020
Oppo Reno 3 8GB/128GB,36999.0,3.4,100,25,6.4,32.0,128.0,8.0,4025.0, Li-Po,2400.0,1080.0,Android,10,Oppo,2020
Oppo A91 8GB/128GB,1000.0,3.2,98,23,6.4,16.0,128.0,8.0,4025.0, Li-Po,2400.0,1080.0,Android,9,Oppo,2019
Oppo A8 4GB/128GB,12985.0,3.5,64,16,6.5,8.0,128.0,4.0,4230.0, Li-Po,1600.0,720.0,Android,9,Oppo,2019
Oppo Reno 2F 8GB/128GB,33500.0,3.5,97,47,6.5,16.0,128.0,8.0,4000.0, Li-Po,2340.0,1080.0,Android,9,Oppo,2019
Oppo Reno Ace 8GB/128GB,62999.0,4.2,100,37,6.5,16.0,128.0,8.0,4000.0, Li-Po,2400.0,1080.0,Android,9,Oppo,2019
Oppo K5 6GB/128GB,62999.0,2.9,100,23,6.4,32.0,128.0,6.0,4000.0, Li-Po,2340.0,1080.0,Android,9,Oppo,2019
Oppo A11 4GB/128GB,62999.0,3.3,91,39,6.5,16.0,128.0,4.0,5000.0, Li-Po,1600.0,720.0,Android,9,Oppo,2019
Oppo A9 (2020) 8GB/128GB,26000.0,3.3,98,153,6.5,16.0,128.0,8.0,5000.0, Li-Po,1600.0,720.0,Android,9,Oppo,2020
Oppo A9 (2020) 4GB/128GB,1150.0,3.6,91,38,6.5,16.0,128.0,4.0,5000.0, Li-Po,1600.0,720.0,Android,9,Oppo,2020
Oppo A5 (2020) 4GB/128GB,22999.0,3.4,65,46,6.5,8.0,128.0,4.0,5000.0, Li-Po,1600.0,720.0,Android,9,Oppo,2020
Oppo A5 (2020) 3GB/64GB,19500.0,3.0,60,59,6.5,8.0,64.0,3.0,5000.0, Li-Po,1600.0,720.0,Android,9,Oppo,2020
Oppo Reno 2 8GB/256GB,31000.0,3.3,100,95,6.5,16.0,256.0,8.0,4000.0, Li-Po,2400.0,1080.0,Android,9,Oppo,2019
Oppo Reno Z 6GB/256GB,600.0,2.0,100,39,6.4,32.0,256.0,6.0,4035.0, Li-Po,2340.0,1080.0,Android,9,Oppo,2019
Oppo Reno Z 6GB/128GB,28000.0,3.5,95,34,6.4,32.0,128.0,6.0,4035.0, Li-Po,2340.0,1080.0,Android,9,Oppo,2019
Oppo A1K 2GB/32GB,11499.0,3.7,50,43,6.1,5.0,32.0,2.0,4000.0, Li-Po,1560.0,720.0,Android,9,Oppo,2019
Oppo K3 128GB,299.0,3.9,75,60,6.5,16.0,128.0,8.0,3765.0, Li-Po,2340.0,1080.0,Android,9,Oppo,2019
Oppo K3 64GB,299.0,5.0,67,43,6.5,16.0,64.0,6.0,3765.0, Li-Po,2340.0,1080.0,Android,9,Oppo,2019
Oppo F11 64GB,27999.0,4.3,87,47,6.53,16.0,64.0,4.0,4020.0, Li-Po,2340.0,1080.0,Android,9,Oppo,2019
Oppo Reno 10x zoom 128GB 6GB,3513.0,3.6,98,75,6.6,16.0,128.0,6.0,4065.0, Li-Po,2340.0,1080.0,Android,9,Oppo,2019
Oppo Reno 128GB 6GB,995.0,3.6,94,100,6.4,16.0,128.0,6.0,3765.0, Li-Po,2340.0,1080.0,Android,9,Oppo,2019
Oppo A7 64GB,17000.0,4.8,59,57,6.2,16.0,64.0,4.0,4230.0, Li-Ion,1520.0,720.0,Android,8,Oppo,2018
Oppo F11 Pro 128GB 6GB,1619.0,3.5,94,232,6.5,16.0,128.0,6.0,4000.0, Li-Po,2340.0,1080.0,Android,9,Oppo,2019
Oppo A7 32GB,1428.0,3.3,55,28,6.2,16.0,32.0,3.0,4230.0, Li-Ion,1520.0,720.0,Android,8,Oppo,2018
Oppo F9 Pro,79949.0,4.3,66,54,6.3,25.0,64.0,6.0,3500.0, Li-Po,2340.0,1080.0,Android,8,Oppo,2018
Cubot S550 Pro,17592.0,4.0,42,12,5.5,8.0,16.0,3.0,3000.0, Li-Ion,1280.0,720.0,Android,5,Cubot,2016
Cubot Cheetah,60800.0,3.5,52,3,5.5,8.0,32.0,3.0,3050.0, Li-Ion,1920.0,1080.0,Android,6,Cubot,2016
Cubot Dinosaur,20140.0,3.0,45,5,5.5,5.0,16.0,3.0,4150.0, Li-Ion,1280.0,720.0,Android,6,Cubot,2017
Cubot Note S,13450.0,2.0,40,22,5.5,5.0,16.0,2.0,4150.0, Li-Ion,1280.0,720.0,Android,5,Cubot,2016
Cubot Echo,4500.0,4.0,41,5,5.0,5.0,16.0,2.0,3000.0, Li-Po,1280.0,720.0,Android,6,Cubot,2017
Cubot Rainbow,15799.0,3.0,37,16,5.0,5.0,16.0,1.0,2200.0, Li-Po,1280.0,720.0,Android,6,Cubot,2016
Xiaomi Redmi Note 5A 16GB,15500.0,3.4,47,13,5.5,16.0,16.0,2.0,3080.0, Li-Ion,1280.0,720.0,Android,7,Xiaomi,2017
Xiaomi Mi A1,11190.0,4.6,58,9,5.5,5.0,64.0,4.0,3080.0, Li-Ion,1920.0,1080.0,Android,7,Xiaomi,2017
Xiaomi Mi Max 128 GB,11190.0,3.0,67,9,6.44,5.0,128.0,4.0,4850.0, Li-Ion,1920.0,1080.0,Android,6,Xiaomi,2016
Xiaomi Mi Max 64 GB,28000.0,2.5,59,1,6.44,5.0,64.0,3.0,4850.0, Li-Ion,1920.0,1080.0,Android,6,Xiaomi,2016
Xiaomi Mi Max 32 GB,9199.0,3.0,57,5,6.44,5.0,32.0,3.0,4850.0, Li-Ion,1920.0,1080.0,Android,6,Xiaomi,2016
Xiaomi Mi Max 16 GB,1232.0,3.5,55,6,6.44,5.0,16.0,2.0,4850.0, Li-Ion,1920.0,1080.0,Android,6,Xiaomi,2016
Xiaomi Redmi 4a 32 GB,11999.0,2.0,43,5,5.0,5.0,32.0,2.0,3120.0, Li-Ion,1280.0,720.0,Android,6,Xiaomi,2016
Xiaomi Redmi 4a 16 GB,12000.0,2.0,42,6,5.0,5.0,16.0,2.0,3120.0, Li-Ion,1280.0,720.0,Android,6,Xiaomi,2016
Xiaomi Mi 5 64 GB,983.0,4.0,54,1,5.15,4.0,64.0,3.0,3000.0, Li-Po,1920.0,1080.0,Android,6,Xiaomi,2016
Xiaomi Mi 5 32 GB,9480.0,3.7,51,7,5.15,4.0,32.0,3.0,3000.0, Li-Po,1920.0,1080.0,Android,6,Xiaomi,2016
Xiaomi Mi Mix 2 8 GB RAM,16399.0,3.5,72,4,5.99,5.0,128.0,8.0,3400.0, Li-Ion,2160.0,1080.0,Android,7,Xiaomi,2017
Xiaomi Mi Mix 2 256 GB,10999.0,4.5,76,7,5.99,5.0,256.0,6.0,3400.0, Li-Ion,2160.0,1080.0,Android,7,Xiaomi,2017
Xiaomi Mi Mix 2 128 GB,14990.0,3.3,69,4,5.99,5.0,128.0,6.0,3400.0, Li-Ion,2160.0,1080.0,Android,7,Xiaomi,2017
Xiaomi Mi Mix 2 64 GB,983.0,4.0,65,5,5.99,5.0,64.0,6.0,3400.0, Li-Ion,2160.0,1080.0,Android,7,Xiaomi,2017
Xiaomi Mi Note 3 128 GB,10999.0,3.0,67,7,5.5,16.0,128.0,6.0,3500.0, Li-Ion,1920.0,1080.0,Android,7,Xiaomi,2017
Xiaomi Mi Note 3 64 GB,17200.0,4.0,64,12,5.5,16.0,64.0,6.0,3500.0, Li-Ion,1920.0,1080.0,Android,7,Xiaomi,2017
Nokia 5.1 Plus (Nokia X5 64GB 4GB),659.0,4.1,57,41,5.86,8.0,64.0,4.0,3060.0, Li-Ion,1520.0,720.0,Android,8,Nokia,2018
Nokia 4.2 32GB,15300.0,3.7,53,81,5.71,8.0,32.0,3.0,3000.0, Li-Ion,1520.0,720.0,Android,9,Nokia,2019
Nokia 4.2 16GB,10999.0,3.7,50,20,5.71,8.0,16.0,2.0,3000.0, Li-Ion,1520.0,720.0,Android,9,Nokia,2019
Nokia 3.2 32GB,1699.0,3.1,49,48,6.2,5.0,32.0,3.0,4000.0, Li-Ion,1520.0,720.0,Android,9,Nokia,2019
Nokia 3.2 16GB,12500.0,3.0,46,25,6.2,5.0,16.0,2.0,4000.0, Li-Ion,1520.0,720.0,Android,9,Nokia,2019
Nokia 1 Plus 16GB,10999.0,5.0,34,6,5.45,5.0,16.0,1.0,2500.0, Li-Ion,960.0,480.0,Android,9,Nokia,2021
Nokia 1 Plus 8GB,16999.0,5.0,33,6,5.45,5.0,8.0,1.0,2500.0, Li-Ion,960.0,480.0,Android,9,Nokia,2021
Nokia 9 PureView,57000.0,3.0,73,49,5.99,20.0,128.0,6.0,3320.0, Li-Po,2880.0,1440.0,Android,9,Nokia,2019
Nokia 8.1 X7,910.0,3.8,60,23,6.18,20.0,64.0,4.0,3500.0, Li-Ion,2280.0,1080.0,Android,9,Nokia,2019
Nokia 7.1 32GB,17500.0,4.8,54,16,5.84,8.0,32.0,3.0,3060.0, Li-Ion,2280.0,1080.0,Android,8,Nokia,2018
Nokia 6.1 64GB,63099.0,3.8,62,37,5.5,8.0,64.0,4.0,3000.0, Li-Ion,1920.0,1080.0,Android,8,Nokia,2018
Nokia 5.1 Plus X5 32GB,14500.0,3.8,53,61,5.86,8.0,32.0,3.0,3060.0, Li-Ion,1520.0,720.0,Android,8,Nokia,2018
Nokia 3.1 16GB,10000.0,2.8,48,40,5.2,8.0,16.0,2.0,2990.0, Li-Ion,1440.0,720.0,Android,8,Nokia,2018
Nokia 5.1 16GB,11000.0,3.3,55,20,5.5,8.0,16.0,2.0,2970.0, Li-Ion,2160.0,1080.0,Android,8,Nokia,2018
Nokia 2.1,8500.0,3.2,38,38,5.5,5.0,8.0,1.0,4000.0, Li-Ion,1280.0,720.0,Android,8,Nokia,2018
Nokia 6.1 Plus X6,1199.0,4.0,60,165,5.8,16.0,64.0,4.0,3060.0, Li-Ion,2220.0,1080.0,Android,8,Nokia,2018
Nokia 8 Sirocco,1199.0,5.0,71,14,5.5,5.0,128.0,6.0,3260.0, Li-Ion,2560.0,1440.0,Android,8,Nokia,2018
Nokia 7 Plus,299.0,4.3,61,60,6.0,16.0,64.0,4.0,3800.0, Li-Ion,2160.0,1080.0,Android,8,Nokia,2018
Nokia 6 2018,299.0,4.2,60,26,5.5,8.0,32.0,4.0,3000.0, Li-Ion,1920.0,1080.0,Android,7,Nokia,2018
Nokia 7,299.0,4.6,62,15,5.2,5.0,64.0,4.0,3000.0, Li-Ion,1920.0,1080.0,Android,7,Nokia,2018
Nokia 2,499.0,4.2,38,42,5.0,5.0,8.0,1.0,4100.0, Li-Ion,1280.0,720.0,Android,7,Nokia,2017
Nokia 8,300.0,4.0,64,32,5.3,13.0,64.0,4.0,3090.0, Li-Ion,2560.0,1440.0,Android,7,Nokia,2017
Nokia 6 Arte Black,300.0,3.8,57,19,5.5,8.0,64.0,4.0,3000.0, Li-Ion,1920.0,1080.0,Android,7,Nokia,2017
Nokia 6,1050.0,3.4,54,36,5.5,8.0,32.0,3.0,3000.0, Li-Ion,1920.0,1080.0,Android,7,Nokia,2018
Nokia 5,12500.0,3.7,47,26,5.2,8.0,16.0,2.0,3000.0, Li-Ion,1280.0,720.0,Android,7,Nokia,2017
Xiaomi Redmi Note 8 4GB/64GB,18500.0,4.6,86,31,6.3,13.0,64.0,4.0,4000.0, Li-Po,2340.0,1080.0,Android,9,Xiaomi,2019
Xiaomi Black Shark 2 Pro 12GB/256GB,1050.0,5.0,100,17,6.39,20.0,256.0,12.0,4000.0, Li-Ion,2340.0,1080.0,Android,9,Xiaomi,2019
Xiaomi Black Shark 2 Pro 12GB/128GB,87231.0,5.0,100,12,6.39,20.0,128.0,12.0,4000.0, Li-Ion,2340.0,1080.0,Android,9,Xiaomi,2019
Xiaomi Black Shark 2 Pro 8GB/128GB,87231.0,5.0,100,9,6.39,20.0,128.0,8.0,4000.0, Li-Ion,2340.0,1080.0,Android,9,Xiaomi,2019
Xiaomi Black Shark 2 12GB/256GB,1050.0,3.7,100,14,6.39,20.0,256.0,12.0,4000.0, Li-Ion,2340.0,1080.0,Android,9,Xiaomi,2019
Xiaomi Black Shark 2 8GB/256GB,60800.0,4.5,100,5,6.39,20.0,256.0,8.0,4000.0, Li-Ion,2340.0,1080.0,Android,9,Xiaomi,2018
Xiaomi Black Shark 2 8GB/128GB,40612.0,4.5,100,6,6.39,20.0,128.0,8.0,4000.0, Li-Ion,2340.0,1080.0,Android,9,Xiaomi,2019
Xiaomi Black Shark 2 6GB/128GB,12690.0,5.0,98,6,6.39,20.0,128.0,6.0,4000.0, Li-Ion,2340.0,1080.0,Android,9,Xiaomi,2019
Xiaomi Black Shark 8GB/128GB,12690.0,3.7,82,4,5.99,20.0,128.0,8.0,4000.0, Li-Ion,2160.0,1080.0,Android,8,Xiaomi,2018
Xiaomi Black Shark 6GB/64GB,12690.0,5.0,74,3,5.99,20.0,64.0,6.0,4000.0, Li-Ion,2160.0,1080.0,Android,8,Xiaomi,2018
Xiaomi Black Shark Helo 10GB/256GB,145999.0,5.0,92,3,6.01,20.0,256.0,10.0,4000.0, Li-Ion,2160.0,1080.0,Android,8,Xiaomi,2018
Xiaomi Black Shark Helo 8GB/128GB,145999.0,5.0,82,4,6.01,20.0,128.0,8.0,4000.0, Li-Ion,2160.0,1080.0,Android,8,Xiaomi,2018
Xiaomi Black Shark Helo 6GB/128GB,145999.0,5.0,78,5,6.01,20.0,128.0,6.0,4000.0, Li-Ion,2160.0,1080.0,Android,8,Xiaomi,2018
Xiaomi Mi A3 4GB/128GB,145999.0,3.9,88,41,6.01,32.0,128.0,4.0,4030.0, Li-Po,1560.0,720.0,Android,9,Xiaomi,2019
Xiaomi Mi A3 4GB/64GB,145999.0,3.6,85,26,6.01,32.0,64.0,4.0,4030.0, Li-Po,1560.0,720.0,Android,9,Xiaomi,2019
Xiaomi Mi CC9e 6GB/128GB,145999.0,5.0,92,13,6.01,32.0,128.0,6.0,4030.0, Li-Po,1560.0,720.0,Android,9,Xiaomi,2019
Xiaomi Mi CC9e 6GB/64GB,101000.0,4.5,88,5,6.01,32.0,64.0,6.0,4030.0, Li-Po,1560.0,720.0,Android,9,Xiaomi,2019
Xiaomi Mi CC9e 4GB/64GB,101000.0,5.0,85,6,6.01,32.0,64.0,4.0,4030.0, Li-Po,1560.0,720.0,Android,9,Xiaomi,2019
Xiaomi Mi CC9mt (Meitu Edition) 8GB/256GB,101000.0,3.7,100,12,6.39,32.0,256.0,8.0,4030.0, Li-Po,2340.0,1080.0,Android,9,Xiaomi,2019
Xiaomi Mi CC9 6GB/128GB,85000.0,3.7,95,12,6.39,32.0,128.0,6.0,4030.0, Li-Po,2340.0,1080.0,Android,9,Xiaomi,2019
Xiaomi Mi CC9 6GB/64GB,85000.0,5.0,91,4,6.39,32.0,64.0,6.0,4030.0, Li-Po,2340.0,1080.0,Android,9,Xiaomi,2019
Xiaomi Redmi K20 Pro 8GB/256GB,91999.0,4.0,100,9,6.39,20.0,256.0,8.0,4000.0, Li-Po,2340.0,1080.0,Android,9,Xiaomi,2019
Xiaomi Redmi K20 Pro 8GB/128GB,91999.0,5.0,100,7,6.39,20.0,128.0,8.0,4000.0, Li-Po,2340.0,1080.0,Android,9,Xiaomi,2019
Xiaomi Redmi K20 Pro 6GB/128GB,41000.0,4.7,98,11,6.39,20.0,128.0,6.0,4000.0, Li-Po,2340.0,1080.0,Android,9,Xiaomi,2019
Xiaomi Redmi K20 Pro 6GB/64GB,37500.0,3.9,95,18,6.39,20.0,64.0,6.0,4000.0, Li-Po,2340.0,1080.0,Android,9,Xiaomi,2019
Xiaomi Redmi K20 8GB/256GB,91999.0,5.0,100,7,6.39,20.0,256.0,8.0,4000.0, Li-Po,2340.0,1080.0,Android,9,Xiaomi,2019
Xiaomi Redmi K20 6GB/128GB,40500.0,4.5,95,4,6.39,20.0,128.0,6.0,4000.0, Li-Po,2340.0,1080.0,Android,9,Xiaomi,2019
Xiaomi Redmi K20 6GB/64GB,37499.0,3.0,91,6,6.39,20.0,64.0,6.0,4000.0, Li-Po,2340.0,1080.0,Android,9,Xiaomi,2019
Xiaomi Mi Mix 2S 6GB/128GB,12990.0,4.0,71,3,5.99,5.0,128.0,6.0,3400.0, Li-Ion,2160.0,1080.0,Android,8,Xiaomi,2018
Xiaomi Mi 8 Lite 6GB/128GB,26499.0,5.0,67,13,6.26,24.0,128.0,6.0,3350.0, Li-Po,2280.0,1080.0,Android,8,Xiaomi,2018
Apple iPhone SE (2020) 256GB,69999.0,4.5,63,16,4.7,7.0,256.0,3.0,1821.0, Li-Ion,1334.0,750.0,IOS,13,Apple,2020
Apple iPhone SE (2020) 128GB,56999.0,3.6,56,27,4.7,7.0,128.0,3.0,1821.0, Li-Ion,1334.0,750.0,IOS,13,Apple,2020
Apple iPhone SE (2020) 64GB,51499.0,3.7,52,23,4.7,7.0,64.0,3.0,1821.0, Li-Ion,1334.0,750.0,IOS,13,Apple,2020
Apple iPhone 11 Pro Max 512GB,163000.0,4.4,65,58,6.5,12.0,512.0,4.0,3500.0, Li-Ion,2688.0,1242.0,IOS,13,Apple,2019
Apple iPhone 11 Pro Max 256GB,134499.0,3.4,51,91,6.5,12.0,256.0,4.0,3500.0, Li-Ion,2688.0,1242.0,IOS,13,Apple,2019
Apple iPhone 11 Pro Max 64GB,120499.0,4.1,40,49,6.5,12.0,64.0,4.0,3500.0, Li-Ion,2688.0,1242.0,IOS,13,Apple,2019
Apple iPhone 11 Pro 512GB,170000.0,3.0,64,29,5.8,12.0,512.0,4.0,3190.0, Li-Ion,2436.0,1125.0,IOS,13,Apple,2019
Apple iPhone 11 Pro 256GB,127999.0,3.4,50,38,5.8,12.0,256.0,4.0,3190.0, Li-Ion,2436.0,1125.0,IOS,13,Apple,2019
Apple iPhone 11 Pro 64GB,110000.0,3.5,39,67,5.8,12.0,64.0,4.0,3190.0, Li-Ion,2436.0,1125.0,IOS,13,Apple,2019
Apple iPhone 11 256GB,93999.0,3.7,48,29,6.1,12.0,256.0,4.0,3110.0, Li-Ion,1792.0,828.0,IOS,13,Apple,2019
Apple iPhone 11 128GB,81999.0,4.1,40,44,6.1,12.0,128.0,4.0,3110.0, Li-Ion,1792.0,828.0,IOS,13,Apple,2019
Apple iPhone 11 64GB,76999.0,3.5,37,71,6.1,12.0,64.0,4.0,3110.0, Li-Ion,1792.0,828.0,IOS,13,Apple,2019
Apple iPhone 5s 16GB,769.0,3.4,29,39,4.0,12.0,16.0,1.0,1560.0, Li-Po,1136.0,640.0,IOS,7,Apple,2013
Apple iPhone 6 Plus 64GB,769.0,4.1,37,49,5.5,12.0,64.0,1.0,2915.0, Li-Po,1920.0,1080.0,IOS,8,Apple,2014
Apple iPhone 6s Plus 128 GB,33000.0,4.3,48,38,5.5,5.0,128.0,2.0,2750.0, Li-Ion,1920.0,1080.0,IOS,9,Apple,2015
Tecno L9 Plus,29999.0,3.8,46,124,6.0,5.0,16.0,2.0,5000.0, Li-Ion,1280.0,720.0,Android,7,Tecno,2017
Tecno L9,29999.0,3.7,38,20,5.5,5.0,16.0,1.0,4000.0, Li-Ion,1280.0,720.0,Android,7,Tecno,2017
Tecno WX3 P,24999.0,3.8,37,14,5.0,5.0,8.0,1.0,5000.0, Li-Ion,854.0,480.0,Android,7,Tecno,2017
Tecno WX3,7000.0,3.3,30,19,5.0,5.0,8.0,1.0,2500.0, Li-Ion,854.0,480.0,Android,7,Tecno,2017
Tecno Spark Plus K9,13999.0,3.8,48,147,6.0,5.0,16.0,2.0,3400.0, Li-Ion,1280.0,720.0,Android,7,Tecno,2017
Tecno Spark K7,13999.0,3.6,44,119,5.5,5.0,16.0,1.0,3000.0, Li-Ion,1280.0,720.0,Android,7,Tecno,2017
Tecno W5,1150.0,4.0,39,36,5.5,5.0,16.0,1.0,3000.0, Li-Ion,1280.0,720.0,Android,6,Tecno,2016
Tecno W4 4G,29999.0,3.5,34,28,5.0,2.0,16.0,1.0,2500.0, Li-Ion,1280.0,720.0,Android,6,Tecno,2016
Tecno W4 3G,1150.0,3.8,34,4,5.0,2.0,16.0,1.0,2500.0, Li-Ion,1280.0,720.0,Android,6,Tecno,2016
Tecno W3 4G,1150.0,4.0,30,11,5.0,2.0,8.0,1.0,2500.0, Li-Ion,854.0,480.0,Android,6,Tecno,2017
Tecno W3 3G,21196.0,3.6,30,14,5.0,2.0,8.0,1.0,2500.0, Li-Ion,854.0,480.0,Android,6,Tecno,2017
Tecno W1,499.0,2.9,26,18,4.0,2.0,8.0,1.0,1800.0, Li-Ion,800.0,480.0,Android,7,Tecno,2016
Oppo A53 4GB/64GB,199.0,3.7,63,11,6.5,16.0,64.0,4.0,5000.0, Li-Po,1600.0,720.0,Android,10,Oppo,2020
Oppo K7 5G 8GB/256GB,199.0,3.0,100,9,6.4,32.0,256.0,8.0,4025.0, Li-Po,2400.0,1080.0,Android,10,Oppo,2020
Oppo K7 5G 8GB/128GB,699.0,5.0,100,9,6.4,32.0,128.0,8.0,4025.0, Li-Po,2400.0,1080.0,Android,10,Oppo,2020
Oppo Reno 4 Pro 4G 8GB/256GB,699.0,4.0,100,15,6.5,32.0,256.0,8.0,4000.0, Li-Po,2400.0,1080.0,Android,10,Oppo,2020
Oppo Reno 4 Pro 4G 8GB/128GB,399.0,5.0,99,9,6.5,32.0,128.0,8.0,4000.0, Li-Po,2400.0,1080.0,Android,10,Oppo,2020
Oppo Reno 4 4G 8GB/128GB,37499.0,5.0,99,9,6.4,32.0,128.0,8.0,4015.0, Li-Po,2400.0,1080.0,Android,10,Oppo,2020
Oppo A12s 3GB/32GB,499.0,5.0,58,7,6.2,5.0,32.0,3.0,4230.0, Li-Po,1520.0,720.0,Android,9,Oppo,2020
Oppo Reno 4 Pro 5G 12GB/256GB,9999.0,3.7,100,17,6.55,32.0,256.0,12.0,4000.0, Li-Po,2400.0,1080.0,Android,10,Oppo,2020
Oppo Reno 4 Pro 5G 8GB/128GB,9999.0,5.0,99,11,6.55,32.0,128.0,8.0,4000.0, Li-Po,2400.0,1080.0,Android,10,Oppo,2020
Oppo Find X2 Neo 12GB/256GB,13975.0,5.0,100,8,6.5,32.0,256.0,12.0,4025.0, Li-Po,2400.0,1080.0,Android,10,Oppo,2020
Oppo A72 8GB/128GB,1150.0,5.0,100,3,6.5,16.0,128.0,8.0,5000.0, Li-Po,2400.0,1080.0,Android,10,Oppo,2020
Oppo A72 4GB/128GB,124999.0,5.0,93,7,6.5,16.0,128.0,4.0,5000.0, Li-Po,2400.0,1080.0,Android,10,Oppo,2020
Oppo A52 4GB/128GB,20499.0,2.8,67,17,6.5,16.0,128.0,4.0,5000.0, Li-Po,2400.0,1080.0,Android,10,Oppo,2020
Oppo A52 4GB/64GB,124999.0,4.0,64,6,6.5,16.0,64.0,4.0,5000.0, Li-Po,2400.0,1080.0,Android,10,Oppo,2020
Oppo A12 4GB/64GB,8990.0,3.7,62,9,6.22,5.0,64.0,4.0,4230.0, Li-Po,1520.0,720.0,Android,9,Oppo,2020
Oppo A12 3GB/32GB,14999.0,4.5,58,8,6.22,5.0,32.0,3.0,4230.0, Li-Po,1520.0,720.0,Android,9,Oppo,2020
Oppo Find X2 Lite 8GB/128GB,599.0,5.0,99,7,6.4,32.0,128.0,8.0,4025.0, Li-Po,2400.0,1080.0,Android,10,Oppo,2020
Oppo A92 8GB/128GB,28500.0,3.3,100,40,6.5,16.0,128.0,8.0,5000.0, Li-Po,2400.0,1080.0,Android,10,Oppo,2020
Oppo Ace 2 12GB/256GB,1150.0,5.0,100,10,6.55,16.0,256.0,12.0,4000.0, Li-Po,2400.0,1080.0,Android,10,Oppo,2020
Oppo Ace 2 8GB/256GB,1150.0,5.0,100,6,6.55,16.0,256.0,8.0,4000.0, Li-Po,2400.0,1080.0,Android,10,Oppo,2020
Oppo Ace 2 8GB/128GB,13799.0,4.0,100,2,6.55,16.0,128.0,8.0,4000.0, Li-Po,2400.0,1080.0,Android,10,Oppo,2020
Oppo A31 Pro 4GB/128GB,20299.0,2.7,64,21,6.5,8.0,128.0,4.0,4230.0, Li-Po,1600.0,720.0,Android,9,Oppo,2020
Oppo Find X2 Pro 12GB/512GB,22000.0,5.0,100,25,6.7,32.0,512.0,12.0,4260.0, Li-Po,3168.0,1440.0,Android,10,Oppo,2020
Oppo Find X2 12GB/256GB,22000.0,4.0,100,14,6.7,32.0,256.0,12.0,4200.0, Li-Po,3166.0,1440.0,Android,10,Oppo,2020
Realme 6i 4GB/128GB,499.0,5.0,91,9,6.5,16.0,128.0,4.0,5000.0, Li-Po,1600.0,720.0,Android,10,Realme,2020
Realme 6i 3GB/64GB,499.0,5.0,85,2,6.5,16.0,64.0,3.0,5000.0, Li-Po,1600.0,720.0,Android,10,Realme,2020
Realme Narzo 10A 3GB/32GB,14299.0,3.3,58,9,6.5,5.0,32.0,3.0,5000.0, Li-Po,1600.0,720.0,Android,10,Realme,2020
Realme Narzo 10 4GB/128GB,1150.0,4.7,91,5,6.5,16.0,128.0,4.0,5000.0, Li-Po,1600.0,720.0,Android,10,Realme,2020
Realme 6S 4GB/64GB,1392.0,5.0,88,2,6.5,16.0,64.0,4.0,4300.0, Li-Po,2400.0,1080.0,Android,10,Realme,2020
Realme 5 Pro 6GB/64GB,1199.0,5.0,92,2,6.3,16.0,64.0,6.0,4035.0, Li-Po,2340.0,1080.0,Android,9,Realme,2019
Realme 5 Pro 4GB/64GB,29990.0,5.0,88,4,6.3,16.0,64.0,4.0,4035.0, Li-Po,2340.0,1080.0,Android,9,Realme,2019
Realme 5 3GB/64GB,862.0,3.5,60,2,6.5,13.0,64.0,3.0,5000.0, Li-Po,1600.0,720.0,Android,9,Realme,2019
Realme 5 3GB/32GB,36000.0,5.0,58,1,6.5,13.0,32.0,3.0,5000.0, Li-Po,1600.0,720.0,Android,9,Realme,2019
Realme X2 6GB/64GB,36000.0,5.0,100,6,6.4,32.0,64.0,6.0,4000.0, Li-Po,2340.0,1080.0,Android,9,Realme,2019
Realme X2 4GB/64GB,15799.0,3.5,99,5,6.4,32.0,64.0,4.0,4000.0, Li-Po,2340.0,1080.0,Android,9,Realme,2019
Realme C3 4GB/64GB,1185.0,3.0,61,5,6.5,5.0,64.0,4.0,5000.0, Li-Po,1560.0,720.0,Android,10,Realme,2020
Realme C3 3GB/32GB,3280.0,3.0,58,12,6.5,5.0,32.0,3.0,5000.0, Li-Po,1560.0,720.0,Android,10,Realme,2020
Realme C3 2GB/32GB,24999.0,3.6,56,10,6.5,5.0,32.0,2.0,5000.0, Li-Po,1560.0,720.0,Android,10,Realme,2020
Samsung Galaxy M51 6GB/128GB,3247.0,4.9,100,12,6.7,32.0,128.0,6.0,7000.0, Li-Po,2340.0,1080.0,Android,10,Samsung,2020
Samsung Galaxy Note 20 Ultra 5G 12GB/512GB,157000.0,4.2,100,21,6.9,10.0,512.0,12.0,4500.0, Li-Ion,3088.0,1440.0,Android,10,Samsung,2020
Samsung Galaxy Note 20 Ultra 5G 12GB/256GB,130999.0,5.0,100,17,6.9,10.0,256.0,12.0,4500.0, Li-Ion,3088.0,1440.0,Android,10,Samsung,2020
Samsung Galaxy Note 20 Ultra 5G 12GB/128GB,1000.0,5.0,100,9,6.9,10.0,128.0,12.0,4500.0, Li-Ion,3088.0,1440.0,Android,10,Samsung,2020
Samsung Galaxy Note 20 Ultra 8GB/512GB,1000.0,3.7,100,9,6.9,10.0,512.0,8.0,4500.0, Li-Ion,3088.0,1440.0,Android,10,Samsung,2020
Samsung Galaxy Note 20 Ultra 8GB/256GB,115999.0,3.4,100,22,6.9,10.0,256.0,8.0,4500.0, Li-Ion,3088.0,1440.0,Android,10,Samsung,2020
Samsung Galaxy Note 20 8GB/256GB,89999.0,4.7,83,10,6.7,10.0,256.0,8.0,4300.0, Li-Ion,2400.0,1080.0,Android,10,Samsung,2020
Samsung Galaxy A3 Core 1GB/16GB,10000.0,5.0,37,14,5.3,5.0,16.0,1.0,3000.0, Li-Ion,1480.0,720.0,Android,10,Samsung,2021
Samsung Galaxy M31s 8GB/128GB,1199.0,4.7,100,31,6.5,32.0,128.0,8.0,6000.0, Li-Po,2400.0,1080.0,Android,10,Samsung,2020
Samsung Galaxy M31s 6GB/128GB,15799.0,4.1,100,28,6.5,32.0,128.0,6.0,6000.0, Li-Po,2400.0,1080.0,Android,10,Samsung,2020
Samsung Galaxy M01s 3GB/32GB,33599.0,5.0,56,11,6.2,8.0,32.0,3.0,4000.0, Li-Ion,1520.0,720.0,Android,9,Samsung,2020
Samsung Galaxy Z Flip 5G 8GB/256GB,26999.0,5.0,83,10,6.7,10.0,256.0,8.0,3300.0, Li-Po,2636.0,1080.0,Android,10,Samsung,2020
Samsung Galaxy A01 Core 2GB/32GB,2090.0,5.0,39,5,5.3,5.0,32.0,2.0,3000.0, Li-Ion,1480.0,720.0,Android,10,Samsung,2020
Samsung Galaxy A01 Core 1GB/16GB,21196.0,5.0,37,3,5.3,5.0,16.0,1.0,3000.0, Li-Ion,1480.0,720.0,Android,10,Samsung,2020
Samsung Galaxy M01 3GB/32GB,13499.0,2.3,56,28,5.7,5.0,32.0,3.0,4000.0, Li-Ion,1520.0,720.0,Android,10,Samsung,2020
Samsung Galaxy A Quantum 8GB/128GB,30999.0,3.6,100,29,6.7,32.0,128.0,8.0,4500.0, Li-Po,2400.0,1080.0,Android,10,Samsung,2020
Samsung Galaxy A21s 6GB/64GB,1300.0,3.2,91,22,6.5,13.0,64.0,6.0,5000.0, Li-Po,1600.0,720.0,Android,10,Samsung,2020
Samsung Galaxy A21s 4GB/64GB,19799.0,3.3,87,28,6.5,13.0,64.0,4.0,5000.0, Li-Po,1600.0,720.0,Android,10,Samsung,2020
Samsung Galaxy A21s 3GB/32GB,800.0,4.0,83,12,6.5,13.0,32.0,3.0,5000.0, Li-Po,1600.0,720.0,Android,10,Samsung,2020
Samsung Galaxy A71 5G 8GB/128GB,800.0,3.9,100,19,6.7,32.0,128.0,8.0,4500.0, Li-Po,2400.0,1080.0,Android,10,Samsung,2020
Samsung Galaxy A71 5G 6GB/128GB,12085.0,4.5,100,13,6.7,32.0,128.0,6.0,4500.0, Li-Po,2400.0,1080.0,Android,10,Samsung,2020
Samsung Galaxy A51 5G 8GB/128GB,29999.0,4.1,100,39,6.5,32.0,128.0,8.0,4500.0, Li-Po,2400.0,1080.0,Android,10,Samsung,2020
Samsung Galaxy A51 5G 6GB/128GB,1270.0,4.0,96,12,6.5,32.0,128.0,6.0,4500.0, Li-Po,2400.0,1080.0,Android,10,Samsung,2020
Samsung Galaxy A21 3GB/32GB,600.0,4.0,38,6,6.5,13.0,32.0,3.0,4000.0, Li-Po,1600.0,720.0,Android,10,Samsung,2020
Samsung Galaxy M11 4GB/64GB,800.0,3.7,61,13,6.4,8.0,64.0,4.0,5000.0, Li-Ion,1560.0,720.0,Android,10,Samsung,2020
Samsung Galaxy M11 3GB/32GB,15999.0,2.5,57,16,6.4,8.0,32.0,3.0,5000.0, Li-Ion,1560.0,720.0,Android,10,Samsung,2020
Samsung Galaxy A41 4GB/64GB,1150.0,4.0,85,11,6.1,25.0,64.0,4.0,3500.0, Li-Po,2400.0,1080.0,Android,10,Samsung,2020
Nokia 3,399.0,4.1,37,27,5.0,8.0,16.0,2.0,2630.0, Li-Ion,1280.0,720.0,Android,7,Nokia,2017
Huawei Y7 Prime,15500.0,3.2,51,24,5.5,8.0,32.0,3.0,4000.0, Li-Ion,1280.0,720.0,Android,7,Huawei,2017
Huawei Y5 2017,399.0,3.2,38,12,5.0,5.0,16.0,2.0,3000.0, Li-Ion,1280.0,720.0,Android,6,Huawei,2017
Huawei Y3 2017,8000.0,3.7,30,5,5.0,2.0,8.0,1.0,2200.0, Li-Ion,854.0,480.0,Android,6,Huawei,2017
Huawei Nova 2,1070.0,3.5,60,2,5.0,20.0,64.0,4.0,2950.0, Li-Po,1920.0,1080.0,Android,7,Huawei,2017
Huawei Nova Plus,699.0,3.5,58,6,5.5,8.0,32.0,3.0,3340.0, Li-Po,1920.0,1080.0,Android,6,Huawei,2016
Huawei P10 Plus 64GB,48000.0,4.2,70,16,5.5,8.0,64.0,4.0,3750.0, Li-Ion,2560.0,1440.0,Android,7,Huawei,2017
Huawei P9 Plus,599.0,4.4,62,11,5.5,8.0,64.0,4.0,3400.0, Li-Po,1920.0,1080.0,Android,6,Huawei,2016
Huawei Mate 10 Pro 64GB,599.0,4.7,69,18,6.0,8.0,64.0,4.0,4000.0, Li-Po,2160.0,1080.0,Android,8,Huawei,2017
Huawei Mate 10,28000.0,4.2,70,16,5.9,8.0,64.0,4.0,4000.0, Li-Po,2560.0,1440.0,Android,8,Huawei,2017
Huawei Honor 7 16GB,59999.0,3.7,61,5,5.2,8.0,16.0,3.0,3100.0, Li-Po,1920.0,1080.0,Android,5,Huawei,2015
Huawei Shot X,599.0,3.5,51,9,5.2,13.0,16.0,2.0,3100.0, Li-Po,1920.0,1080.0,Android,5,Huawei,2015
Huawei Mate 10 Lite,83130.0,4.1,64,66,5.9,13.0,64.0,4.0,3340.0, Li-Ion,2160.0,1080.0,Android,7,Huawei,2017
Huawei Honor 7X 32GB,1310.0,4.3,62,26,5.93,8.0,32.0,4.0,3340.0, Li-Ion,2160.0,1080.0,Android,7,Huawei,2017
Huawei Mate 9 Pro 128GB,1310.0,4.8,78,6,5.5,8.0,128.0,6.0,4000.0, Li-Po,2560.0,1440.0,Android,7,Huawei,2016
Huawei Mate 9 Pro 64GB,1310.0,4.0,71,10,5.5,8.0,64.0,4.0,4000.0, Li-Po,2560.0,1440.0,Android,7,Huawei,2016
Huawei Mate 9,225.0,3.8,68,10,5.9,8.0,64.0,4.0,4000.0, Li-Po,1920.0,1080.0,Android,7,Huawei,2016
Huawei Mate 8 64GB,399.0,3.0,65,9,6.0,8.0,64.0,4.0,4000.0, Li-Po,1920.0,1080.0,Android,6,Huawei,2015
Huawei Mate 8 32GB,399.0,3.8,61,10,6.0,8.0,32.0,3.0,4000.0, Li-Po,1920.0,1080.0,Android,6,Huawei,2015
Huawei Ascend Mate 7 32GB,799.0,3.7,56,7,6.0,5.0,32.0,3.0,4100.0, Li-Po,1920.0,1080.0,Android,4,Huawei,2014
Huawei Ascend Mate 7 16GB,799.0,4.1,54,14,6.0,5.0,16.0,2.0,4100.0, Li-Po,1920.0,1080.0,Android,4,Huawei,2014
Huawei Honor 8 Lite,799.0,3.7,54,14,5.2,8.0,16.0,3.0,3000.0, Li-Ion,1920.0,1080.0,Android,7,Huawei,2016
Huawei Honor 8 32GB,1150.0,4.2,58,11,5.2,8.0,32.0,4.0,3000.0, Li-Po,1920.0,1080.0,Android,6,Huawei,2016
Huawei Nova,769.0,3.8,55,5,5.0,8.0,32.0,3.0,3020.0, Li-Po,1920.0,1080.0,Android,6,Huawei,2016
Huawei P10 Lite 4 GB RAM,21500.0,4.0,57,14,5.2,8.0,32.0,4.0,3000.0, Li-Po,1920.0,1080.0,Android,7,Huawei,2017
Huawei P10 Lite 3 GB RAM,2549.0,4.0,55,10,5.2,8.0,32.0,3.0,3000.0, Li-Po,1920.0,1080.0,Android,7,Huawei,2017
Huawei P10 64 GB,769.0,3.5,67,4,5.1,8.0,64.0,4.0,3200.0, Li-Ion,1920.0,1080.0,Android,7,Huawei,2017
Huawei P10 32 GB,1599.0,4.3,65,6,5.1,8.0,32.0,4.0,3200.0, Li-Ion,1920.0,1080.0,Android,7,Huawei,2017
Oppo A3s Pro,1599.0,4.1,55,53,6.2,8.0,32.0,3.0,4230.0, Li-Ion,1520.0,720.0,Android,8,Oppo,2018
Oppo A3s,12000.0,4.1,52,60,6.2,8.0,16.0,2.0,4230.0, Li-Ion,1520.0,720.0,Android,8,Oppo,2018
Oppo F9,23500.0,3.7,62,92,6.3,25.0,64.0,4.0,3500.0, Li-Po,2340.0,1080.0,Android,8,Oppo,2018
Oppo Find X,10670.0,4.0,85,112,6.42,25.0,256.0,8.0,3730.0, Li-Ion,2340.0,1080.0,Android,8,Oppo,2018
Oppo A3,5099.0,3.8,65,45,6.2,8.0,128.0,4.0,3400.0, Li-Ion,2280.0,1080.0,Android,8,Oppo,2018
Oppo F7,11900.0,4.2,62,60,6.23,25.0,64.0,4.0,3400.0, Li-Ion,2280.0,1080.0,Android,8,Oppo,2018
Oppo A83,23500.0,3.4,56,25,5.7,8.0,32.0,3.0,3180.0, Li-Ion,1440.0,720.0,Android,7,Oppo,2018
Oppo F5 64GB,16000.0,4.3,68,42,6.0,20.0,64.0,6.0,3200.0, Li-Ion,2160.0,1080.0,Android,7,Oppo,2017
Oppo F5 Youth,1285.0,3.3,58,35,6.0,16.0,32.0,3.0,3200.0, Li-Ion,2160.0,1080.0,Android,7,Oppo,2017
Oppo F1s,1790.0,2.8,50,22,5.5,16.0,32.0,3.0,3075.0, Li-Po,1280.0,720.0,Android,5,Oppo,2016
Oppo A57,1399.0,4.0,49,26,5.2,16.0,32.0,3.0,2900.0, Li-Ion,1280.0,720.0,Android,6,Oppo,2016
Oppo A37,777.0,3.5,36,64,5.0,5.0,16.0,2.0,2630.0, Li-Ion,1280.0,720.0,Android,5,Oppo,2016
Oppo F5,15000.0,4.2,62,122,6.0,20.0,32.0,4.0,3200.0, Li-Ion,2160.0,1080.0,Android,7,Oppo,2017
Oppo F3,1185.0,3.9,56,22,5.5,16.0,64.0,4.0,3200.0, Li-Ion,1920.0,1080.0,Android,6,Oppo,2017
Oppo A71,777.0,4.2,49,25,5.2,5.0,16.0,3.0,3000.0, Li-Ion,1280.0,720.0,Android,7,Oppo,2017
OnePlus 8 Pro 12GB/256GB,89899.0,5.0,100,17,6.78,16.0,256.0,12.0,4510.0, Li-Po,3168.0,1440.0,Android,10,OnePlus,2020
OnePlus 8 Pro 8GB/128GB,82999.0,4.7,100,3,6.78,16.0,128.0,8.0,4510.0, Li-Po,3168.0,1440.0,Android,10,OnePlus,2020
OnePlus 8 12GB/256GB,69000.0,5.0,100,10,6.55,16.0,256.0,12.0,4300.0, Li-Po,2400.0,1080.0,Android,10,OnePlus,2020
OnePlus 8 8GB/128GB,63999.0,5.0,100,8,6.55,16.0,128.0,8.0,4300.0, Li-Po,2400.0,1080.0,Android,10,OnePlus,2020
OnePlus 7T Pro 12GB/256GB,93000.0,5.0,100,23,6.67,16.0,256.0,12.0,4085.0, Li-Po,3120.0,1440.0,Android,10,OnePlus,2019
OnePlus 7T Pro 8GB/256GB,64999.0,3.7,100,27,6.67,16.0,256.0,8.0,4085.0, Li-Po,3120.0,1440.0,Android,10,OnePlus,2019
OnePlus 7 Pro 8GB/256GB,59999.0,3.9,100,30,6.67,16.0,256.0,8.0,4000.0, Li-Po,3120.0,1440.0,Android,9,OnePlus,2019
OnePlus 7T 8GB/256GB,54500.0,5.0,100,24,6.55,16.0,256.0,8.0,3800.0, Li-Po,2400.0,1080.0,Android,10,OnePlus,2019
OnePlus 7T 8GB/128GB,52999.0,4.7,100,16,6.55,16.0,128.0,8.0,3800.0, Li-Po,2400.0,1080.0,Android,10,OnePlus,2019
OnePlus 7 Pro 256GB 12GB,10500.0,4.0,100,56,6.67,16.0,256.0,12.0,4000.0, Li-Po,3120.0,1440.0,Android,9,OnePlus,2019
OnePlus 7 Pro 128GB,2699.0,4.4,100,44,6.67,16.0,128.0,6.0,4000.0, Li-Po,3120.0,1440.0,Android,9,OnePlus,2019
OnePlus 7 256GB,50000.0,3.4,100,21,6.41,16.0,256.0,8.0,3700.0, Li-Po,2340.0,1080.0,Android,9,OnePlus,2019
OnePlus 7 128GB,599.0,5.0,97,9,6.41,16.0,128.0,6.0,3700.0, Li-Po,2340.0,1080.0,Android,9,OnePlus,2019
OnePlus 6T McLaren,599.0,4.7,89,27,6.41,16.0,256.0,10.0,3700.0, Li-Po,2340.0,1080.0,Android,9,OnePlus,2018
OnePlus 6T 128GB,55000.0,5.0,74,25,6.41,16.0,128.0,6.0,3700.0, Li-Po,2340.0,1080.0,Android,9,OnePlus,2018
OnePlus 6 128GB,53000.0,3.6,77,27,6.28,16.0,128.0,8.0,3300.0, Li-Po,2280.0,1080.0,Android,8,OnePlus,2018
OnePlus 6,58000.0,4.3,70,44,6.28,16.0,64.0,6.0,3300.0, Li-Po,2280.0,1080.0,Android,8,OnePlus,2018
OnePlus 5T 128GB,67999.0,4.7,78,14,6.01,16.0,128.0,8.0,3300.0, Li-Po,2160.0,1080.0,Android,7,OnePlus,2017
OnePlus 5T 64GB,67999.0,4.7,70,20,6.01,16.0,64.0,6.0,3300.0, Li-Po,2160.0,1080.0,Android,7,OnePlus,2017
OnePlus 5 128GB,67999.0,4.6,75,13,5.5,16.0,128.0,8.0,3300.0, Li-Po,1920.0,1080.0,Android,7,OnePlus,2017
OnePlus 5 64GB,599.0,3.7,68,13,5.5,16.0,64.0,6.0,3300.0, Li-Po,1920.0,1080.0,Android,7,OnePlus,2017
OnePlus 3T 128GB,1150.0,4.0,65,8,5.5,16.0,128.0,6.0,3400.0, Li-Ion,1920.0,1080.0,Android,6,OnePlus,2016
OnePlus 3T 64GB,1150.0,4.6,62,16,5.5,16.0,64.0,6.0,3400.0, Li-Ion,1920.0,1080.0,Android,6,OnePlus,2016
Honor 9C 4GB/64GB,44999.0,4.0,85,1,6.39,8.0,64.0,4.0,4000.0, Li-Po,1560.0,720.0,Android,10,Honor,2020
Honor 9A 3GB/64GB,1699.0,4.0,60,1,6.3,8.0,64.0,3.0,5000.0, Li-Po,1600.0,720.0,Android,10,Honor,2020
Honor Play 4 8GB/128GB,54667.0,4.5,100,4,6.81,16.0,128.0,8.0,4300.0, Li-Po,2400.0,1080.0,Android,10,Honor,2020
Honor 8S 2020 3GB/64GB,54667.0,4.0,49,4,5.71,5.0,64.0,3.0,3020.0, Li-Po,1520.0,720.0,Android,9,Honor,2019
Honor X10 Max 5G 6GB/128GB,1699.0,5.0,96,5,7.09,8.0,128.0,6.0,5000.0, Li-Po,2280.0,1080.0,Android,10,Honor,2020
Honor 30 Youth 6GB/128GB,1699.0,4.0,94,5,6.5,16.0,128.0,6.0,4000.0, Li-Po,2400.0,1080.0,Android,10,Honor,2020
Honor 30 Youth 6GB/64GB,54667.0,4.0,90,5,6.5,16.0,64.0,6.0,4000.0, Li-Po,2400.0,1080.0,Android,10,Honor,2020
Honor 30 8GB/256GB,54667.0,5.0,100,3,6.53,32.0,256.0,8.0,4000.0, Li-Po,2400.0,1080.0,Android,10,Honor,2020
Honor 30 8GB/128GB,659.0,5.0,95,2,6.53,32.0,128.0,8.0,4000.0, Li-Po,2400.0,1080.0,Android,10,Honor,2020
Honor 30 6GB/128GB,6799.0,5.0,91,3,6.53,32.0,128.0,6.0,4000.0, Li-Po,2400.0,1080.0,Android,10,Honor,2020
HTC Wildfire E2 4GB/64GB,6799.0,3.5,60,7,6.22,8.0,64.0,4.0,4000.0, Li-Po,1560.0,720.0,Android,10,HTC,2020
HTC Wildfire R70 2GB/32GB,23999.0,5.0,56,6,6.53,8.0,32.0,2.0,4000.0, Li-Po,1560.0,720.0,Android,9,HTC,2020
HTC U20 5G 8GB/256GB,23999.0,3.7,100,15,6.8,32.0,256.0,8.0,5000.0, Li-Po,2400.0,1080.0,Android,10,HTC,2020
HTC Desire 20 Pro 6GB/128GB,44490.0,4.0,96,15,6.5,25.0,128.0,6.0,5000.0, Li-Po,2340.0,1080.0,Android,10,HTC,2020
HTC Desire 19s 3GB/32GB,44490.0,3.0,55,34,6.2,16.0,32.0,3.0,3850.0, Li-Ion,1520.0,720.0,Android,9,HTC,2019
HTC U12 Life 64GB,27500.0,5.0,61,32,6.0,13.0,64.0,4.0,3600.0, Li-Ion,2160.0,1080.0,Android,8,HTC,2018
HTC Desire 12s 32GB,16999.0,4.0,50,6,5.7,13.0,32.0,3.0,3075.0, Li-Ion,1440.0,720.0,Android,8,HTC,2018
HTC Desire 650,14979.0,3.0,40,11,5.0,5.0,16.0,2.0,2200.0, Li-Ion,1280.0,720.0,Android,6,HTC,2017
HTC U12 Plus 64GB,66500.0,2.7,70,14,6.0,8.0,64.0,6.0,3500.0, Li-Ion,2880.0,1440.0,Android,8,HTC,2018
HTC Desire 12 Plus,16000.0,4.0,51,19,6.0,8.0,32.0,3.0,2965.0, Li-Ion,1440.0,720.0,Android,8,HTC,2018
HTC Desire 12,15000.0,1.3,40,40,5.5,5.0,16.0,2.0,2730.0, Li-Ion,1440.0,720.0,Android,7,HTC,2018
HTC U11 Eyes,10499.0,3.0,59,15,6.0,5.0,64.0,4.0,3930.0, Li-Ion,2160.0,1080.0,Android,8,HTC,2018
HTC Desire 10 Compact,12299.0,3.0,45,9,5.0,5.0,32.0,3.0,3300.0, Li-Ion,1280.0,720.0,Android,6,HTC,2017
HTC 10 Evo 64GB,14999.0,4.0,62,18,5.5,8.0,64.0,3.0,3200.0, Li-Ion,2560.0,1440.0,Android,7,HTC,2016
HTC U11 Plus 128GB,49500.0,4.4,72,17,6.0,8.0,128.0,6.0,3930.0, Li-Ion,2880.0,1440.0,Android,8,HTC,2017
HTC Desire 628,14999.0,4.0,47,4,5.0,5.0,32.0,3.0,2200.0, Li-Ion,1280.0,720.0,Android,5,HTC,2016
HTC E9,14999.0,2.5,52,6,5.5,4.0,16.0,2.0,2800.0, Li-Po,1920.0,1080.0,Android,5,HTC,2015
HTC Desire 630,16250.0,4.0,40,4,5.0,5.0,16.0,2.0,2200.0, Li-Ion,1280.0,720.0,Android,6,HTC,2016
HTC Desire 530,16499.0,1.7,33,14,5.0,5.0,16.0,15.0,2200.0, Li-Ion,1280.0,720.0,Android,6,HTC,2016
HTC 10 Evo,12299.0,3.2,60,15,5.5,8.0,32.0,3.0,3200.0, Li-Ion,2560.0,1440.0,Android,7,HTC,2016
HTC Desire 728G,12299.0,3.3,45,4,5.5,5.0,16.0,15.0,2800.0, Li-Po,1280.0,720.0,Android,5,HTC,2015
HTC 10 64 GB,14979.0,3.0,56,3,5.2,5.0,64.0,4.0,3000.0, Li-Ion,2560.0,1440.0,Android,6,HTC,2016
HTC 10 32 GB,14979.0,4.3,54,3,5.2,5.0,32.0,4.0,3000.0, Li-Ion,2560.0,1440.0,Android,6,HTC,2016
HTC Desire 728,12299.0,4.0,45,6,5.5,5.0,16.0,2.0,2800.0, Li-Po,1280.0,720.0,Android,5,HTC,2015
HTC One M9 Plus,16499.0,3.9,63,10,5.2,4.0,32.0,3.0,2840.0, Li-Po,2560.0,1440.0,Android,5,HTC,2015
HTC One M9,16499.0,4.2,57,7,5.0,4.0,32.0,3.0,2840.0, Li-Po,1920.0,1080.0,Android,5,HTC,2015
HTC One A9 32 GB,16250.0,4.0,50,4,5.0,4.0,32.0,3.0,2150.0, Li-Ion,1920.0,1080.0,Android,6,HTC,2015
HTC One A9 16 GB,28999.0,4.0,48,3,5.0,4.0,16.0,2.0,2150.0, Li-Ion,1920.0,1080.0,Android,6,HTC,2015
HTC Desire 10 Lifestyle,10000.0,4.0,43,13,5.5,5.0,32.0,3.0,2700.0, Li-Ion,1280.0,720.0,Android,6,HTC,2016
Xiaomi Mi 10 Youth 5G 6GB/128GB,16250.0,5.0,96,5,6.57,16.0,128.0,6.0,4160.0, Li-Po,2400.0,1080.0,Android,10,Xiaomi,2020
Xiaomi Mi 10 Youth 5G 6GB/64GB,16250.0,5.0,93,5,6.57,16.0,64.0,6.0,4160.0, Li-Po,2400.0,1080.0,Android,10,Xiaomi,2020
Xiaomi Redmi Note 8T 4GB/128GB,20999.0,5.0,90,16,6.3,13.0,128.0,4.0,4000.0, Li-Po,2340.0,1080.0,Android,9,Xiaomi,2019
Xiaomi Redmi Note 8T 4GB/64GB,19500.0,5.0,86,17,6.3,13.0,64.0,4.0,4000.0, Li-Po,2340.0,1080.0,Android,9,Xiaomi,2019
Xiaomi Redmi Note 8T 3GB/32GB,17999.0,5.0,83,8,6.3,13.0,32.0,3.0,4000.0, Li-Po,2340.0,1080.0,Android,9,Xiaomi,2019
Xiaomi Mi Note 10 Pro 8GB/256GB,10999.0,3.5,100,18,6.47,32.0,256.0,8.0,5260.0, Li-Po,2340.0,1080.0,Android,9,Xiaomi,2019
Xiaomi Mi 10 5G 12GB/256GB,76899.0,3.7,100,11,6.67,20.0,256.0,12.0,4780.0, Li-Po,2340.0,1080.0,Android,10,Xiaomi,2019
Xiaomi Mi 10 5G 8GB/256GB,599.0,3.3,100,8,6.67,20.0,256.0,8.0,4780.0, Li-Po,2340.0,1080.0,Android,10,Xiaomi,2019
Xiaomi Mi 10 5G 8GB/128GB,599.0,3.8,100,4,6.67,20.0,128.0,8.0,4780.0, Li-Po,2340.0,1080.0,Android,10,Xiaomi,2019
Xiaomi Mi Note 10 6GB/128GB,45500.0,5.0,100,14,6.47,32.0,128.0,6.0,5260.0, Li-Po,2340.0,1080.0,Android,9,Xiaomi,2019
Xiaomi Mi 9T Pro 8GB/256GB,15900.0,3.0,100,15,6.39,20.0,256.0,8.0,4000.0, Li-Po,2340.0,1080.0,Android,9,Xiaomi,2019
Xiaomi Mi 9T Pro 6GB/128GB,41000.0,5.0,98,17,6.39,20.0,128.0,6.0,4000.0, Li-Po,2340.0,1080.0,Android,9,Xiaomi,2019
Xiaomi Mi 9T Pro 6GB/64GB,37000.0,5.0,95,11,6.39,20.0,64.0,6.0,4000.0, Li-Po,2340.0,1080.0,Android,9,Xiaomi,2019
Xiaomi Redmi Note 8 Pro 6GB/128GB,24999.0,3.2,100,70,6.53,20.0,128.0,6.0,4500.0, Li-Po,2340.0,1080.0,Android,9,Xiaomi,2019
Xiaomi Redmi Note 8 Pro 4GB/64GB,22000.0,3.7,99,18,6.53,20.0,64.0,4.0,4500.0, Li-Po,2340.0,1080.0,Android,9,Xiaomi,2019
Xiaomi Mi 9 Lite 6GB/128GB,1150.0,3.7,95,21,6.39,32.0,128.0,6.0,4030.0, Li-Po,2340.0,1080.0,Android,9,Xiaomi,2019
Xiaomi Mi 9 Lite 6GB/64GB,1379.0,2.7,91,8,6.39,32.0,64.0,6.0,4030.0, Li-Po,2340.0,1080.0,Android,9,Xiaomi,2019
Xiaomi Redmi Note 8 6GB/128GB,25999.0,4.8,94,13,6.3,13.0,128.0,6.0,4000.0, Li-Po,2340.0,1080.0,Android,9,Xiaomi,2019
Xiaomi Redmi Note 8 6GB/64GB,24999.0,3.7,90,5,6.3,13.0,64.0,6.0,4000.0, Li-Po,2340.0,1080.0,Android,9,Xiaomi,2019
Lava Iris 51 1GB/8GB,7000.0,4.0,32,13,5.0,5.0,8.0,1.0,2500.0, Li-Ion,854.0,480.0,Android,8,Lava,2019
Lava Iris 42 1GB/8GB,6000.0,2.5,28,24,5.0,2.0,8.0,1.0,2000.0, Li-Ion,854.0,480.0,Android,8,Lava,2019
Infinix Hot 10 3GB/64GB,999.0,5.0,63,3,6.78,8.0,64.0,3.0,5200.0, Li-Po,1640.0,720.0,Android,10,Infinix,2020
Infinix Smart 5 3GB/64GB,940.0,4.5,59,9,6.6,8.0,64.0,3.0,5000.0, Li-Po,1600.0,720.0,Android,10,Infinix,2020
Infinix Smart 5 2GB/32GB,10000.0,5.0,55,21,6.6,8.0,32.0,2.0,5000.0, Li-Po,1600.0,720.0,Android,10,Infinix,2020
Infinix Smart 4 Plus 3GB/32GB,940.0,3.5,61,10,6.82,8.0,32.0,3.0,6000.0, Li-Po,1640.0,720.0,Android,10,Infinix,2019
Infinix Hot 8 3GB/32GB,13000.0,5.0,58,18,6.52,8.0,32.0,3.0,5000.0, Li-Po,1600.0,720.0,Android,9,Infinix,2019
Infinix Hot 9 Pro 4GB/64GB,2774.0,4.5,87,19,6.6,8.0,64.0,4.0,5000.0, Li-Po,1600.0,720.0,Android,10,Infinix,2020
Infinix Hot 9 Play 4GB/64GB,2774.0,3.8,64,16,6.82,8.0,64.0,4.0,6000.0, Li-Po,1640.0,720.0,Android,9,Infinix,2020
Infinix Hot 9 Play 3GB/64GB,375.0,4.0,62,11,6.82,8.0,64.0,3.0,6000.0, Li-Po,1640.0,720.0,Android,9,Infinix,2020
Infinix Hot 9 Play 3GB/32GB,649.0,3.0,60,3,6.82,8.0,32.0,3.0,6000.0, Li-Po,1640.0,720.0,Android,9,Infinix,2020
Infinix Hot 9 Play 2GB/32GB,849.0,5.0,54,5,6.82,8.0,32.0,2.0,6000.0, Li-Po,1640.0,720.0,Android,9,Infinix,2020
Infinix S5 Pro 6GB/128GB,21500.0,5.0,95,13,6.53,16.0,128.0,6.0,4000.0, Li-Po,2340.0,1080.0,Android,10,Infinix,2020
Infinix Note 7 Lite 4GB/64GB,16499.0,3.0,87,18,6.6,8.0,64.0,4.0,5000.0, Li-Po,1600.0,720.0,Android,10,Infinix,2020
Infinix Hot 9 4GB/128GB,940.0,3.1,67,29,6.6,8.0,128.0,4.0,5000.0, Li-Po,1600.0,720.0,Android,10,Infinix,2020
Infinix Hot 9 4GB/64GB,940.0,3.3,63,7,6.6,8.0,64.0,4.0,5000.0, Li-Po,1600.0,720.0,Android,10,Infinix,2020
Infinix Hot 9 3GB/64GB,14000.0,3.2,61,24,6.6,8.0,64.0,3.0,5000.0, Li-Po,1600.0,720.0,Android,10,Infinix,2020
Infinix Hot 9 3GB/32GB,2774.0,2.8,57,11,6.6,8.0,32.0,3.0,5000.0, Li-Po,1600.0,720.0,Android,10,Infinix,2020
Infinix Hot 9 2GB/32GB,13499.0,3.0,55,11,6.6,8.0,32.0,2.0,5000.0, Li-Po,1600.0,720.0,Android,10,Infinix,2020
Infinix Note 7 Lite 4GB/128GB,2763.0,3.4,91,9,6.6,8.0,128.0,4.0,5000.0, Li-Po,1600.0,720.0,Android,10,Infinix,2020
Infinix Note 7 6GB/128GB,20999.0,3.5,94,40,6.95,16.0,128.0,6.0,5000.0, Li-Po,1640.0,720.0,Android,10,Infinix,2020
Infinix S5 Pro 4GB/64GB,825.0,4.4,88,19,6.53,16.0,64.0,4.0,4000.0, Li-Po,2340.0,1080.0,Android,10,Infinix,2020
Infinix Smart 4 2GB/32GB,10500.0,3.3,44,73,6.6,5.0,32.0,2.0,4000.0, Li-Po,1600.0,720.0,Android,9,Infinix,2019
Infinix S5 Lite 4GB/64GB,14800.0,3.9,61,39,6.6,16.0,64.0,4.0,4000.0, Li-Po,1600.0,720.0,Android,9,Infinix,2019
Infinix S5 4GB/64GB,16300.0,3.4,61,60,6.6,32.0,64.0,4.0,4000.0, Li-Po,1600.0,720.0,Android,9,Infinix,2019
Infinix S5 6GB/128GB,19500.0,3.2,68,79,6.6,32.0,128.0,6.0,4000.0, Li-Po,1600.0,720.0,Android,9,Infinix,2019
Infinix Hot 8 Lite 2GB/32GB,11000.0,2.2,49,76,6.52,8.0,32.0,2.0,5000.0, Li-Po,1600.0,720.0,Android,8,Infinix,2019
Infinix Hot 8 2GB/32GB,12000.0,3.7,57,75,6.52,8.0,32.0,2.0,5000.0, Li-Po,1600.0,720.0,Android,9,Infinix,2019
Infinix Smart 3 1GB/16GB,8700.0,4.0,43,72,5.5,8.0,16.0,1.0,3050.0, Li-Po,1440.0,720.0,Android,9,Infinix,2019
Infinix Hot 8 4GB/64GB,899.0,3.3,62,154,6.52,8.0,64.0,4.0,5000.0, Li-Po,1600.0,720.0,Android,9,Infinix,2019
Infinix Note 6,19000.0,4.8,65,33,6.01,16.0,64.0,4.0,4000.0, Li-Po,2160.0,1080.0,Android,9,Infinix,2019
Hotwav Cosmos V17,999.0,3.0,48,13,5.0,5.0,16.0,2.0,3500.0, Li-Ion,1280.0,720.0,Android,6,Hotwav,2017
Hotwav Cosmos V19 Plus,999.0,3.6,50,25,5.5,5.0,32.0,3.0,3500.0, Li-Ion,1280.0,720.0,Android,6,Hotwav,2017
Hotwav Cosmos V23,8000.0,3.5,49,34,4.7,8.0,32.0,3.0,3000.0, Li-Ion,1280.0,720.0,Android,6,Hotwav,2017
LG Velvet 8GB/128GB,43300.0,3.4,100,11,6.8,16.0,128.0,8.0,4300.0, Li-Po,2460.0,1080.0,Android,10,LG,2020
LG Velvet 6GB/128GB,649.0,5.0,96,5,6.8,16.0,128.0,6.0,4300.0, Li-Po,2460.0,1080.0,Android,10,LG,2020
LG Stylo 6 3GB/64GB,999.0,4.0,61,12,6.8,13.0,64.0,3.0,4000.0, Li-Po,2460.0,1080.0,Android,10,LG,2020
LG Q61 4GB/64GB,17000.0,5.0,88,9,6.53,16.0,64.0,4.0,4000.0, Li-Po,2340.0,1080.0,Android,9,LG,2020
LG W30 Pro,940.0,4.5,57,17,6.21,16.0,64.0,4.0,4000.0, Li-Po,1520.0,720.0,Android,9,LG,2019
LG W30,16399.0,4.0,55,13,6.26,16.0,32.0,3.0,4000.0, Li-Po,1520.0,720.0,Android,9,LG,2019
LG W10,806.0,3.7,56,6,6.19,8.0,32.0,3.0,4000.0, Li-Po,1512.0,720.0,Android,9,LG,2019
LG G8 ThinQ,47999.0,3.8,74,16,6.1,8.0,128.0,6.0,3500.0, Li-Po,3120.0,1440.0,Android,9,LG,2019
LG G5 64GB,999.0,4.0,58,12,5.3,8.0,64.0,4.0,2800.0, Li-Ion,2560.0,1440.0,Android,6,LG,2016
LG G6 Plus,999.0,2.8,62,7,5.7,5.0,128.0,4.0,3300.0, Li-Po,2880.0,1440.0,Android,7,LG,2017
LG Q6 Plus,940.0,4.7,56,4,5.5,5.0,64.0,4.0,3000.0, Li-Po,2160.0,1080.0,Android,7,LG,2017
LG Nexus 5X 32 GB,940.0,4.0,48,6,5.2,5.0,32.0,2.0,2700.0, Li-Po,1920.0,1080.0,Android,6,LG,2015
LG Nexus 5X 16 GB,47999.0,3.0,47,4,5.2,5.0,16.0,2.0,2700.0, Li-Po,1920.0,1080.0,Android,6,LG,2015
LG G6 128 GB,13299.0,2.3,62,4,5.7,5.0,128.0,4.0,3300.0, Li-Po,2880.0,1440.0,Android,7,LG,2017
LG G6 64 GB,33599.0,4.0,58,4,5.7,5.0,64.0,4.0,3300.0, Li-Po,2880.0,1440.0,Android,7,LG,2017
LG G6 32 GB,33599.0,3.8,56,5,5.7,5.0,32.0,4.0,3300.0, Li-Po,2880.0,1440.0,Android,7,LG,2017
LG G5 SE,33599.0,3.0,58,3,5.3,8.0,32.0,3.0,2800.0, Li-Ion,2560.0,1440.0,Android,6,LG,2016
LG G5,3138.0,5.0,56,2,5.3,8.0,32.0,4.0,2800.0, Li-Ion,2560.0,1440.0,Android,6,LG,2016
LG G4,3138.0,3.6,55,16,5.5,8.0,32.0,3.0,3000.0, Li-Ion,2560.0,1440.0,Android,5,LG,2015
LG G3 32 GB,1150.0,3.5,54,4,5.5,21.0,32.0,3.0,3000.0, Li-Ion,2560.0,1440.0,Android,4,LG,2014
LG G3 16 GB,3138.0,3.0,52,4,5.5,21.0,16.0,2.0,3000.0, Li-Ion,2560.0,1440.0,Android,4,LG,2014
LG G2 Mini,15000.0,3.7,32,7,4.7,13.0,8.0,1.0,2440.0, Li-Ion,960.0,540.0,Android,4,LG,2014
LG V30 Plus,89000.0,4.6,70,9,6.0,5.0,128.0,4.0,3300.0, Li-Po,2880.0,1440.0,Android,7,LG,2017
LG V30 64 GB,599.0,4.5,66,10,6.0,5.0,64.0,4.0,3300.0, Li-Po,2880.0,1440.0,Android,7,LG,2017
LG V20 64 GB,599.0,4.1,58,14,5.7,5.0,64.0,4.0,3200.0, Li-Ion,2560.0,1440.0,Android,7,LG,2016
LG V20 32 GB,938.0,5.0,56,5,5.7,5.0,32.0,4.0,3200.0, Li-Ion,2560.0,1440.0,Android,7,LG,2016
LG V10 64 GB,34000.0,4.7,58,8,5.7,5.0,64.0,4.0,3000.0, Li-Ion,2560.0,1440.0,Android,5,LG,2015
LG V10 32 GB,32000.0,4.0,57,4,5.7,5.0,32.0,4.0,3000.0, Li-Ion,2560.0,1440.0,Android,5,LG,2015
Samsung Galaxy On6 32GB,499.0,4.0,51,11,5.6,8.0,32.0,3.0,3000.0, Li-Ion,1480.0,720.0,Android,8,Samsung,2018
Samsung Galaxy J7 Duo 2018,15959.0,3.6,56,13,5.5,8.0,32.0,4.0,3000.0, Li-Ion,1280.0,720.0,Android,8,Samsung,2018
Samsung Galaxy J5 Pro 2017,15959.0,4.3,51,28,5.2,13.0,32.0,3.0,3000.0, Li-Ion,1280.0,720.0,Android,7,Samsung,2017
Samsung Galaxy S9 Plus 128GB,1150.0,3.6,74,89,6.2,8.0,128.0,6.0,3500.0, Li-Ion,2960.0,1440.0,Android,8,Samsung,2018
Samsung Galaxy J3 2018,1150.0,3.0,37,10,5.0,5.0,16.0,2.0,2600.0, Li-Ion,1280.0,720.0,Android,8,Samsung,2018
Samsung Galaxy A8 Star,1150.0,4.0,69,17,6.3,24.0,64.0,4.0,3700.0, Li-Ion,2220.0,1080.0,Android,8,Samsung,2018
Samsung Galaxy J8,899.0,3.6,59,70,6.0,16.0,64.0,4.0,3500.0, Li-Ion,1480.0,720.0,Android,8,Samsung,2018
Samsung Galaxy J6,899.0,3.9,51,94,5.6,8.0,32.0,3.0,3000.0, Li-Ion,1480.0,720.0,Android,8,Samsung,2018
Samsung Galaxy J4,22000.0,4.0,41,16,5.5,5.0,16.0,2.0,3000.0, Li-Ion,1280.0,720.0,Android,8,Samsung,2018
Samsung Galaxy J7 Prime 32GB,22000.0,3.8,53,20,5.5,8.0,32.0,3.0,3300.0, Li-Ion,1920.0,1080.0,Android,6,Samsung,2016
Samsung Galaxy J7 Pro 64GB,22000.0,3.4,56,32,5.5,13.0,64.0,3.0,3600.0, Li-Ion,1920.0,1080.0,Android,7,Samsung,2017
Samsung Galaxy A6 Plus 2018 32GB,1760.0,4.0,57,20,6.0,24.0,32.0,3.0,3500.0, Li-Ion,2220.0,1080.0,Android,8,Samsung,2018
Samsung Galaxy A6 2018 32GB,499.0,3.4,53,25,5.6,16.0,32.0,3.0,3000.0, Li-Ion,1480.0,720.0,Android,8,Samsung,2018
Samsung Galaxy A8 2018 64GB,499.0,4.2,62,29,5.6,16.0,64.0,4.0,3000.0, Li-Ion,2220.0,1080.0,Android,7,Samsung,2018
Samsung Galaxy A8 Plus 2018 64GB,1150.0,4.4,63,14,6.0,16.0,64.0,4.0,3500.0, Li-Ion,2220.0,1080.0,Android,7,Samsung,2018
Samsung Galaxy S9 Plus,52999.0,3.7,70,73,6.2,8.0,64.0,6.0,3500.0, Li-Ion,2960.0,1440.0,Android,8,Samsung,2018
Samsung Galaxy S9,26999.0,3.6,66,67,5.8,8.0,64.0,4.0,3000.0, Li-Ion,2960.0,1440.0,Android,8,Samsung,2018
Samsung Galaxy Grand Prime Pro,26890.0,2.2,34,25,5.0,5.0,16.0,15.0,2600.0, Li-Ion,960.0,540.0,Android,7,Samsung,2016
Samsung Galaxy Grand Prime Plus,27999.0,3.5,34,13,5.0,5.0,8.0,15.0,2600.0, Li-Ion,960.0,540.0,Android,6,Samsung,2018
Samsung Galaxy A7 2017,26999.0,3.7,58,19,5.7,16.0,32.0,3.0,3600.0, Li-Ion,1920.0,1080.0,Android,6,Samsung,2017
Samsung Galaxy A5 2017 32GB,1379.0,2.0,57,34,5.2,16.0,32.0,3.0,3000.0, Li-Ion,1920.0,1080.0,Android,6,Samsung,2017
Samsung Galaxy A3 2017,45200.0,4.2,47,19,4.7,8.0,16.0,2.0,2350.0, Li-Ion,1280.0,720.0,Android,6,Samsung,2017
Samsung Galaxy A8 Plus 2018 32GB,45200.0,3.9,62,17,6.0,16.0,32.0,4.0,3500.0, Li-Ion,2220.0,1080.0,Android,7,Samsung,2018
Samsung Galaxy A8 2018 32GB,11499.0,4.4,61,18,5.6,16.0,32.0,4.0,3000.0, Li-Ion,2220.0,1080.0,Android,7,Samsung,2018
Samsung Galaxy C8,699.0,3.3,57,30,5.5,16.0,32.0,3.0,3000.0, Li-Ion,1920.0,1080.0,Android,7,Samsung,2017
Samsung Galaxy J3 Pro,27999.0,3.0,35,14,5.0,5.0,16.0,2.0,2600.0, Li-Ion,1280.0,720.0,Android,5,Samsung,2016
Samsung Galaxy J7 2017,31999.0,3.0,53,20,5.5,13.0,16.0,3.0,3600.0, Li-Ion,1920.0,1080.0,Android,7,Samsung,2017
Samsung Galaxy J7 Max,399.0,4.0,60,14,5.7,13.0,32.0,4.0,3300.0, Li-Ion,1920.0,1080.0,Android,7,Samsung,2017
Samsung Galaxy J7 Pro,51999.0,4.4,54,41,5.5,13.0,32.0,3.0,3600.0, Li-Ion,1920.0,1080.0,Android,7,Samsung,2017
Samsung Galaxy J7 Core,699.0,2.9,50,11,5.5,5.0,16.0,3.0,3000.0, Li-Ion,1280.0,720.0,Android,7,Samsung,2019
Samsung Galaxy A30 32GB,293.0,3.5,59,40,6.4,16.0,32.0,3.0,4000.0, Li-Po,2340.0,1080.0,Android,9,Samsung,2018
Samsung Galaxy S10e 256GB 8GB,60800.0,4.0,80,12,5.8,10.0,256.0,8.0,3100.0, Li-Ion,2280.0,1080.0,Android,9,Samsung,2019
Samsung Galaxy S10 512GB 8GB,1379.0,3.3,97,17,6.1,10.0,512.0,8.0,3400.0, Li-Ion,3040.0,1440.0,Android,9,Samsung,2019
Samsung Galaxy S10 5G,1115.0,4.6,86,24,6.7,10.0,256.0,8.0,4500.0, Li-Ion,3040.0,1440.0,Android,9,Samsung,2019
Samsung Galaxy S10e 128GB 6GB,48499.0,3.5,70,30,5.8,10.0,128.0,6.0,3100.0, Li-Ion,2280.0,1080.0,Android,9,Samsung,2019
Samsung Galaxy S10 128GB 8GB,56499.0,3.8,76,70,6.1,10.0,128.0,8.0,3400.0, Li-Ion,3040.0,1440.0,Android,9,Samsung,2019
Samsung Galaxy J6 Plus 64GB,2203.0,3.6,48,56,6.0,8.0,64.0,4.0,3300.0, Li-Ion,1480.0,720.0,Android,8,Samsung,2018
Samsung Galaxy M20 32GB,16999.0,4.1,60,92,6.3,8.0,32.0,3.0,5000.0, Li-Po,2340.0,1080.0,Android,8,Samsung,2019
Samsung Galaxy M10 16GB,15000.0,3.2,49,19,6.22,5.0,16.0,2.0,3400.0, Li-Ion,1520.0,720.0,Android,8,Samsung,2019
Samsung Galaxy A8s 128GB 6GB,299.0,4.3,76,34,6.4,24.0,128.0,6.0,3400.0, Li-Ion,2340.0,1080.0,Android,9,Samsung,2018
Samsung Galaxy A9 2018 128GB 6GB,29000.0,4.0,77,35,6.3,24.0,128.0,6.0,3800.0, Li-Ion,2220.0,1080.0,Android,8,Samsung,2018
Samsung Galaxy S9 128GB,13975.0,4.5,69,21,5.8,8.0,128.0,4.0,3000.0, Li-Ion,2960.0,1440.0,Android,8,Samsung,2018
Samsung Galaxy A7 2018 128GB,970.0,4.5,72,39,6.0,24.0,128.0,4.0,3300.0, Li-Ion,2220.0,1080.0,Android,8,Samsung,2018
Samsung Galaxy A6s 64GB,970.0,4.0,63,12,6.0,12.0,64.0,6.0,3300.0, Li-Ion,2160.0,1080.0,Android,8,Samsung,2018
Samsung Galaxy J4 32GB,970.0,3.2,42,38,5.5,5.0,32.0,2.0,3000.0, Li-Ion,1280.0,720.0,Android,8,Samsung,2018
Samsung Galaxy J8 32GB,28999.0,4.0,55,20,6.0,16.0,32.0,3.0,3500.0, Li-Ion,1480.0,720.0,Android,8,Samsung,2018
Samsung Galaxy Note 9 512GB,769.0,3.7,99,28,6.4,8.0,512.0,8.0,4000.0, Li-Ion,2960.0,1440.0,Android,8,Samsung,2018
Samsung Galaxy J4 Plus 32GB SM-J415F/DS,599.0,3.5,43,32,6.0,5.0,32.0,2.0,3300.0, Li-Ion,1480.0,720.0,Android,8,Samsung,2018
Samsung Galaxy J6 Plus 32GB SM-J610F/DS,599.0,3.3,45,38,6.0,8.0,32.0,3.0,3300.0, Li-Ion,1480.0,720.0,Android,8,Samsung,2018
Samsung Galaxy J4 Plus 16GB,16999.0,4.7,42,8,6.0,5.0,16.0,2.0,3300.0, Li-Ion,1480.0,720.0,Android,8,Samsung,2018
Samsung Galaxy A7 2018 64GB,16999.0,3.3,68,33,6.0,24.0,64.0,4.0,3300.0, Li-Ion,2220.0,1080.0,Android,8,Samsung,2018
Samsung Galaxy A6 2018 64GB,2299.0,3.3,57,31,5.6,16.0,64.0,4.0,3000.0, Li-Ion,1480.0,720.0,Android,8,Samsung,2018
Samsung Galaxy A6 Plus 2018 64GB,1150.0,3.7,61,32,6.0,24.0,64.0,4.0,3500.0, Li-Ion,2220.0,1080.0,Android,8,Samsung,2018
Samsung Galaxy Note 9 128GB,1370.0,3.9,74,83,6.4,8.0,128.0,6.0,4000.0, Li-Ion,2960.0,1440.0,Android,8,Samsung,2018
Huawei Y6s 3GB/32GB,13500.0,4.7,55,20,6.09,8.0,32.0,3.0,3020.0, Li-Po,1560.0,720.0,Android,9,Huawei,2019
Huawei Nova 5T 8GB/128GB,33500.0,3.4,100,52,6.26,32.0,128.0,8.0,3750.0, Li-Po,2340.0,1080.0,Android,9,Huawei,2019
Huawei Nova 5T 6GB/128GB,399.0,5.0,96,15,6.26,32.0,128.0,6.0,3750.0, Li-Po,2340.0,1080.0,Android,9,Huawei,2019
Huawei Y9s 6GB/128GB,25499.0,3.4,94,74,6.59,16.0,128.0,6.0,4000.0, Li-Po,2340.0,1080.0,Android,9,Huawei,2019
Huawei P30 Lite 6GB/128GB,24500.0,3.4,93,66,6.15,24.0,128.0,6.0,3340.0, Li-Po,2312.0,1080.0,Android,9,Huawei,2019
Huawei Mate 30 Pro 5G 8GB/256GB,1130.0,4.0,100,13,6.52,32.0,256.0,8.0,4500.0, Li-Po,2400.0,1176.0,Android,10,Huawei,2019
Huawei Mate 30 Pro 5G 8GB/128GB,16699.0,3.0,98,21,6.52,32.0,128.0,8.0,4500.0, Li-Po,2400.0,1176.0,Android,10,Huawei,2019
Huawei Mate 30 Pro 8GB/256GB,71000.0,5.0,100,8,6.52,32.0,256.0,8.0,4500.0, Li-Po,2400.0,1176.0,Android,10,Huawei,2019
Huawei Mate 30 Pro 8GB/128GB,799.0,5.0,98,9,6.52,32.0,128.0,8.0,4500.0, Li-Po,2400.0,1176.0,Android,10,Huawei,2019
Huawei Mate 30 5G 8GB/128GB,16999.0,3.8,97,10,6.62,24.0,128.0,8.0,4200.0, Li-Po,2340.0,1080.0,Android,10,Huawei,2019
Huawei Mate 30 5G 6GB/128GB,10999.0,4.0,93,7,6.62,24.0,128.0,6.0,4200.0, Li-Po,2340.0,1080.0,Android,10,Huawei,2019
Huawei Mate 30 8GB/128GB,2190.0,3.0,97,9,6.62,24.0,128.0,8.0,4200.0, Li-Po,2340.0,1080.0,Android,10,Huawei,2019
Huawei Mate 30 6GB/128GB,399.0,4.0,93,6,6.62,24.0,128.0,6.0,4200.0, Li-Po,2340.0,1080.0,Android,10,Huawei,2019
Huawei Nova 5i Pro 8GB/256GB,969.0,5.0,100,17,6.26,32.0,256.0,8.0,4000.0, Li-Po,2340.0,1080.0,Android,9,Huawei,2019
Huawei Nova 5i Pro 8GB/128GB,799.0,5.0,99,10,6.26,32.0,128.0,8.0,4000.0, Li-Po,2340.0,1080.0,Android,9,Huawei,2019
Huawei Nova 5i Pro 6GB/128GB,1392.0,5.0,95,10,6.26,32.0,128.0,6.0,4000.0, Li-Po,2340.0,1080.0,Android,9,Huawei,2019
Huawei 9X Pro 8GB/256GB,24030.0,2.5,100,16,6.59,16.0,256.0,8.0,4000.0, Li-Po,2340.0,1080.0,Android,9,Huawei,2019
Huawei 9X Pro 8GB/128GB,24499.0,4.5,98,9,6.59,16.0,128.0,8.0,4000.0, Li-Po,2340.0,1080.0,Android,9,Huawei,2019
Huawei 9X 6GB/128GB,15812.0,5.0,95,16,6.59,16.0,128.0,6.0,4000.0, Li-Po,2340.0,1080.0,Android,9,Huawei,2019
Huawei 9X 6GB/64GB,3280.0,4.5,91,9,6.59,16.0,64.0,6.0,4000.0, Li-Po,2340.0,1080.0,Android,9,Huawei,2019
Huawei 9X 4GB/64GB,1379.0,3.0,88,10,6.59,16.0,64.0,4.0,4000.0, Li-Po,2340.0,1080.0,Android,9,Huawei,2019
Huawei P Smart Z,34000.0,2.5,64,11,6.59,16.0,64.0,4.0,4000.0, Li-Po,2340.0,1080.0,Android,9,Huawei,2019
Huawei Nova 5i 8GB/128GB,15799.0,3.4,81,14,6.4,24.0,128.0,8.0,4000.0, Li-Po,2310.0,1080.0,Android,9,Huawei,2019
Huawei Nova 5i 6GB/128GB,764.0,5.0,77,13,6.4,24.0,128.0,6.0,4000.0, Li-Po,2310.0,1080.0,Android,9,Huawei,2019
Huawei Nova 5 Pro 8GB/256GB,3280.0,4.5,100,12,6.39,32.0,256.0,8.0,3500.0, Li-Po,2340.0,1080.0,Android,9,Huawei,2019
Xiaomi Mi 8 Lite 4GB/64GB,21499.0,4.0,60,21,6.26,24.0,64.0,4.0,3350.0, Li-Po,2280.0,1080.0,Android,8,Xiaomi,2018
Xiaomi Mi 9T 6GB/128GB,40999.0,4.6,95,13,6.39,20.0,128.0,6.0,4000.0, Li-Po,2340.0,1080.0,Android,9,Xiaomi,2019
Xiaomi Redmi Note 5 4GB/64GB,24999.0,4.0,61,5,5.99,5.0,64.0,4.0,4000.0, Li-Po,2160.0,1080.0,Android,7,Xiaomi,2018
Xiaomi Mi 9T 6GB/64GB,35000.0,4.0,91,4,6.39,20.0,64.0,6.0,4000.0, Li-Po,2340.0,1080.0,Android,9,Xiaomi,2019
Xiaomi Redmi 6 3GB/32GB,240.0,5.0,52,18,5.45,5.0,32.0,3.0,3000.0, Li-Po,1440.0,720.0,Android,8,Xiaomi,2018
Xiaomi Redmi 6A 2GB/32GB,1379.0,5.0,46,10,5.45,5.0,32.0,2.0,3000.0, Li-Ion,1440.0,720.0,Android,8,Xiaomi,2018
Xiaomi Redmi 5 3GB/32GB,3280.0,5.0,52,3,5.7,5.0,32.0,3.0,3300.0, Li-Po,1440.0,720.0,Android,7,Xiaomi,2017
Xiaomi Redmi 7 16GB,599.0,4.0,51,13,6.26,8.0,16.0,2.0,4000.0, Li-Po,1520.0,720.0,Android,9,Xiaomi,2019
Xiaomi Redmi Y3 32GB,599.0,4.1,54,24,6.26,32.0,32.0,3.0,4000.0, Li-Po,1520.0,720.0,Android,9,Xiaomi,2019
Xiaomi Redmi Note 7 64GB,19499.0,3.0,62,29,6.3,13.0,64.0,4.0,4000.0, Li-Po,2340.0,1080.0,Android,9,Xiaomi,2019
Xiaomi Redmi Note 7 Pro 64GB,22085.0,4.2,86,23,6.3,13.0,64.0,4.0,4000.0, Li-Po,2340.0,1080.0,Android,9,Xiaomi,2019
Xiaomi Redmi Note 7 32GB,1150.0,4.8,58,33,6.3,13.0,32.0,3.0,4000.0, Li-Po,2340.0,1080.0,Android,9,Xiaomi,2019
Xiaomi Mi Play,1150.0,4.0,60,18,5.84,8.0,64.0,4.0,3000.0, Li-Ion,2280.0,1080.0,Android,9,Xiaomi,2018
Xiaomi Pocophone F1 128GB,35000.0,4.5,72,20,6.18,20.0,128.0,6.0,4000.0, Li-Po,2246.0,1080.0,Android,8,Xiaomi,2018
Xiaomi Pocophone F1 64GB,1302.0,3.0,69,15,6.18,20.0,64.0,6.0,4000.0, Li-Po,2246.0,1080.0,Android,8,Xiaomi,2018
Xiaomi Redmi 6A 16GB,11000.0,3.0,45,11,5.45,5.0,16.0,2.0,3000.0, Li-Ion,1440.0,720.0,Android,8,Xiaomi,2018
Xiaomi Mi Max 2 64GB,32000.0,4.5,63,7,6.44,5.0,64.0,4.0,5300.0, Li-Ion,1920.0,1080.0,Android,7,Xiaomi,2017
Xiaomi Redmi Note 4 64GB,22000.0,2.8,62,8,5.5,5.0,64.0,4.0,4100.0, Li-Ion,1920.0,1080.0,Android,6,Xiaomi,2017
Xiaomi Redmi Note 4 32GB,20000.0,3.0,58,3,5.5,5.0,32.0,3.0,4100.0, Li-Ion,1920.0,1080.0,Android,6,Xiaomi,2017
Xiaomi Redmi Note 5A Prime 32GB,18000.0,4.4,49,12,5.5,16.0,32.0,3.0,3080.0, Li-Ion,1280.0,720.0,Android,7,Xiaomi,2017
Xiaomi Redmi 4X 32GB,17000.0,4.3,53,7,5.0,5.0,32.0,3.0,4100.0, Li-Ion,1280.0,720.0,Android,6,Xiaomi,2017
Realme C17 6GB/128GB,1285.0,5.0,68,2,6.5,8.0,128.0,6.0,5000.0, Li-Po,1600.0,720.0,Android,10,Realme,2020
Realme 7i 8GB/128GB,499.0,5.0,100,4,6.5,16.0,128.0,8.0,5000.0, Li-Po,1600.0,720.0,Android,10,Realme,2020
Realme 6 8GB/128GB,28999.0,5.0,100,13,6.5,16.0,128.0,8.0,4300.0, Li-Po,2400.0,1080.0,Android,10,Realme,2020
Realme C3 3GB/64GB,14499.0,5.0,60,8,6.5,5.0,64.0,3.0,5000.0, Li-Po,1560.0,720.0,Android,10,Realme,2020
Realme 7 Pro 8GB/128GB,189.0,5.0,100,6,6.4,32.0,128.0,8.0,4500.0, Li-Po,2400.0,1080.0,Android,10,Realme,2020
Realme 7 Pro 6GB/128GB,22500.0,5.0,100,4,6.4,32.0,128.0,6.0,4500.0, Li-Po,2400.0,1080.0,Android,10,Realme,2020
Realme 7 8GB/128GB,22500.0,5.0,100,3,6.5,16.0,128.0,8.0,5000.0, Li-Po,2400.0,1080.0,Android,10,Realme,2020
Realme 7 6GB/64GB,17500.0,5.0,100,6,6.5,16.0,64.0,6.0,5000.0, Li-Po,2400.0,1080.0,Android,10,Realme,2020
Realme X7 Pro 8GB/128GB,17500.0,5.0,100,6,6.55,32.0,128.0,8.0,4500.0, Li-Po,2400.0,1080.0,Android,10,Realme,2020
Realme X7 Pro 6GB/128GB,499.0,5.0,100,6,6.55,32.0,128.0,6.0,4500.0, Li-Po,2400.0,1080.0,Android,10,Realme,2020
Realme X7 8GB/128GB,499.0,5.0,100,2,6.4,32.0,128.0,8.0,4300.0, Li-Po,2400.0,1080.0,Android,10,Realme,2020
Realme X7 6GB/128GB,1150.0,5.0,100,3,6.4,32.0,128.0,6.0,4300.0, Li-Po,2400.0,1080.0,Android,10,Realme,2020
Realme V3 6GB/128GB,999.0,5.0,69,2,6.5,8.0,128.0,6.0,5000.0, Li-Po,1600.0,720.0,Android,10,Realme,2020
Realme V3 6GB/64GB,777.0,5.0,66,2,6.5,8.0,64.0,6.0,5000.0, Li-Po,1600.0,720.0,Android,10,Realme,2020
Realme 6 4GB/128GB,777.0,5.0,100,7,6.5,16.0,128.0,4.0,4300.0, Li-Po,2400.0,1080.0,Android,10,Realme,2020
Realme 6 4GB/64GB,777.0,5.0,99,2,6.5,16.0,64.0,4.0,4300.0, Li-Po,2400.0,1080.0,Android,10,Realme,2020
Realme C12 3GB/32GB,777.0,4.0,63,20,6.5,5.0,32.0,3.0,6000.0, Li-Po,1560.0,720.0,Android,10,Realme,2020
Realme V5 5G 8GB/128GB,22500.0,5.0,100,10,6.5,16.0,128.0,8.0,5000.0, Li-Po,2400.0,1080.0,Android,10,Realme,2020
Realme V5 5G 6GB/128GB,22500.0,5.0,96,10,6.5,16.0,128.0,6.0,5000.0, Li-Po,2400.0,1080.0,Android,10,Realme,2020
Realme C15 4GB/64GB,17500.0,4.0,67,8,6.5,8.0,64.0,4.0,6000.0, Li-Po,1560.0,720.0,Android,10,Realme,2020
Realme C15 3GB/64GB,17500.0,5.0,63,5,6.5,8.0,32.0,3.0,6000.0, Li-Po,1560.0,720.0,Android,10,Realme,2020
Realme 5s 4GB/128GB,229.0,4.0,91,6,6.5,13.0,128.0,4.0,5000.0, Li-Po,1600.0,720.0,Android,9,Realme,2019
Realme 5s 4GB/64GB,229.0,5.0,87,4,6.5,13.0,64.0,4.0,5000.0, Li-Po,1600.0,720.0,Android,9,Realme,2019
Realme 5i 4GB/64GB,1070.0,3.0,61,4,6.52,8.0,64.0,4.0,5000.0, Li-Po,1600.0,720.0,Android,9,Realme,2020
Realme 5i 3GB/32GB,1309.0,3.0,58,4,6.52,8.0,32.0,3.0,5000.0, Li-Po,1600.0,720.0,Android,9,Realme,2020
Realme C11 2GB/32GB,10499.0,3.3,58,21,6.5,5.0,32.0,2.0,5000.0, Li-Po,1560.0,720.0,Android,10,Realme,2020
Realme Narzo 4GB/128GB,859.0,4.5,91,11,6.5,16.0,128.0,4.0,4300.0, Li-Po,2400.0,1080.0,Android,10,Realme,2020
Realme C3i 2GB/32GB,12799.0,5.0,56,11,6.5,5.0,32.0,2.0,5000.0, Li-Po,1600.0,720.0,Android,10,Realme,2020
HTC Desire 10 Pro,18200.0,4.1,62,54,5.5,13.0,64.0,4.0,3000.0, Li-Ion,1920.0,1080.0,Android,6,HTC,2016
HTC U11 128 GB,769.0,4.3,70,16,5.5,16.0,128.0,6.0,3000.0, Li-Ion,2560.0,1440.0,Android,7,HTC,2017
HTC U11 64 GB,689.0,5.0,62,6,5.5,16.0,64.0,4.0,3000.0, Li-Ion,2560.0,1440.0,Android,7,HTC,2017
HTC One ME,689.0,4.0,63,7,5.2,4.0,32.0,3.0,2840.0, Li-Po,2560.0,1440.0,Android,5,HTC,2015
HTC One X9,1150.0,4.5,56,5,5.5,5.0,32.0,3.0,3000.0, Li-Ion,1920.0,1080.0,Android,6,HTC,2016
HTC U Ultra 128 GB,24000.0,4.5,58,9,5.7,16.0,128.0,4.0,3000.0, Li-Ion,2560.0,1440.0,Android,7,HTC,2017
HTC U Ultra 64 GB,22500.0,3.8,55,18,5.7,16.0,64.0,4.0,3000.0, Li-Ion,2560.0,1440.0,Android,7,HTC,2017
Huawei P9 64 GB,20499.0,2.5,61,3,5.2,8.0,64.0,4.0,3000.0, Li-Ion,1920.0,1080.0,Android,6,Huawei,2016
Huawei P9 32 GB,20499.0,3.1,57,8,5.2,8.0,32.0,3.0,3000.0, Li-Ion,1920.0,1080.0,Android,6,Huawei,2016
Huawei P8 Lite,799.0,3.3,44,31,5.0,5.0,16.0,2.0,2200.0, Li-Ion,1280.0,720.0,Android,5,Huawei,2015
Huawei P8 32 GB,799.0,4.0,54,1,5.2,8.0,32.0,3.0,2680.0, Li-Po,1920.0,1080.0,Android,4,Huawei,2015
Huawei P8 16 GB,599.0,3.4,53,10,5.2,8.0,16.0,3.0,2680.0, Li-Po,1920.0,1080.0,Android,4,Huawei,2015
Huawei GR5,300.0,2.9,49,5,5.5,5.0,16.0,2.0,3000.0, Li-Ion,1920.0,1080.0,Android,5,Huawei,2016
Huawei GR3 2017 64 GB,399.0,4.5,59,5,5.2,8.0,64.0,4.0,3000.0, Li-Ion,1920.0,1080.0,Android,7,Huawei,2017
Huawei GR3 2017 16 GB,2099.0,3.6,54,10,5.2,8.0,16.0,3.0,3000.0, Li-Ion,1920.0,1080.0,Android,7,Huawei,2017
Huawei GR3,2099.0,4.0,45,8,5.0,5.0,16.0,2.0,2200.0, Li-Ion,1280.0,720.0,Android,5,Huawei,2016
Huawei Y6 Pro,29500.0,3.7,44,7,5.0,5.0,16.0,2.0,4000.0, Li-Po,1280.0,720.0,Android,5,Huawei,2015
Huawei Y6 II,11999.0,3.0,45,12,5.5,8.0,16.0,2.0,3000.0, Li-Ion,1280.0,720.0,Android,6,Huawei,2016
Huawei Y5 II 4G,1890.0,2.0,33,6,5.0,2.0,8.0,1.0,2200.0, Li-Po,1280.0,720.0,Android,5,Huawei,2016
Huawei Y5 II 3G,600.0,3.0,33,5,5.0,2.0,8.0,1.0,2200.0, Li-Po,1280.0,720.0,Android,5,Huawei,2016
Huawei Y3 II 4G,899.0,3.8,27,7,4.5,2.0,8.0,1.0,2100.0, Li-Po,854.0,480.0,Android,5,Huawei,2016
Huawei Y3 II 3G,7500.0,3.5,29,21,4.5,2.0,8.0,1.0,2100.0, Li-Po,854.0,480.0,Android,5,Huawei,2016
Huawei Mate 20X,17799.0,4.3,93,34,7.2,24.0,128.0,6.0,5000.0, Li-Po,2244.0,1080.0,Android,9,Huawei,2018
Huawei Mate 20 Pro 128GB,11399.0,4.1,94,52,6.39,24.0,128.0,6.0,4200.0, Li-Po,3120.0,1440.0,Android,9,Huawei,2018
Huawei Mate 20 128GB 4GB,50000.0,4.5,67,9,6.53,24.0,128.0,4.0,4000.0, Li-Po,2244.0,1080.0,Android,9,Huawei,2018
Huawei Honor 8X Max 64GB,499.0,4.5,64,12,7.12,8.0,64.0,4.0,5000.0, Li-Po,2244.0,1080.0,Android,8,Huawei,2018
Huawei Honor 8X 64GB,1890.0,3.8,67,17,6.5,16.0,64.0,4.0,3750.0, Li-Po,2340.0,1080.0,Android,8,Huawei,2018
Huawei Honor 7A,640.0,1.9,47,27,5.7,8.0,16.0,2.0,3000.0, Li-Po,1440.0,720.0,Android,8,Huawei,2018
Huawei Honor 7C,12500.0,3.2,52,10,5.99,8.0,32.0,3.0,3000.0, Li-Po,1440.0,720.0,Android,8,Huawei,2018
Huawei Honor Note 10 64GB,734.0,4.0,71,10,6.95,13.0,64.0,6.0,5000.0, Li-Po,2220.0,1080.0,Android,8,Huawei,2018
Huawei Y6 Prime 2018,12299.0,3.8,41,19,5.7,5.0,16.0,2.0,3000.0, Li-Ion,1440.0,720.0,Android,8,Huawei,2018
Huawei P smart 32GB,16500.0,3.4,57,26,5.65,8.0,32.0,3.0,3000.0, Li-Po,2160.0,1080.0,Android,8,Huawei,2017
Huawei Honor 7X 64GB,800.0,5.0,64,6,5.93,8.0,64.0,4.0,3340.0, Li-Ion,2160.0,1080.0,Android,7,Huawei,2017
Huawei Y3 2018,10000.0,4.0,30,10,5.0,2.0,8.0,1.0,2280.0, Li-Ion,854.0,480.0,Android,8,Huawei,2017
Huawei Y5 Prime 2018,10000.0,2.8,42,53,5.45,5.0,16.0,2.0,3020.0, Li-Ion,1440.0,720.0,Android,8,Huawei,2018
Huawei Honor 7s,16399.0,4.1,42,11,5.45,5.0,16.0,2.0,3020.0, Li-Ion,1440.0,720.0,Android,8,Huawei,2018
Huawei Y7 Pro 2018,10530.0,4.8,49,23,5.99,8.0,32.0,3.0,3000.0, Li-Ion,1440.0,720.0,Android,8,Huawei,2018
Huawei Y7 Prime 2018,16000.0,3.5,49,36,5.99,8.0,32.0,3.0,3000.0, Li-Ion,1440.0,720.0,Android,8,Huawei,2018
Huawei Mate RS Porsche Design,23216.0,4.9,99,26,6.0,24.0,256.0,6.0,4000.0, Li-Po,2880.0,1440.0,Android,8,Huawei,2018
Huawei P20 Pro,57000.0,4.2,90,54,6.1,24.0,128.0,6.0,4000.0, Li-Po,2244.0,1080.0,Android,8,Huawei,2018
Huawei P20,9999.0,4.2,65,38,5.8,24.0,128.0,4.0,3400.0, Li-Po,2244.0,1080.0,Android,8,Huawei,2018
Huawei P20 Lite,16500.0,3.8,63,86,5.84,16.0,64.0,4.0,3000.0, Li-Po,2280.0,1080.0,Android,8,Huawei,2018
Huawei Honor 9 128GB,28000.0,3.0,74,9,5.15,8.0,128.0,6.0,3200.0, Li-Po,1920.0,1080.0,Android,7,Huawei,2017
Huawei Honor 9 Lite 32GB,8900.0,3.9,57,41,5.65,13.0,32.0,3.0,3000.0, Li-Po,2160.0,1080.0,Android,8,Huawei,2017
Huawei Mate 10 Pro 128GB,30500.0,4.2,76,33,6.0,8.0,128.0,6.0,4000.0, Li-Po,2160.0,1080.0,Android,8,Huawei,2017
Huawei Honor 9 64GB,19500.0,4.3,67,13,5.15,8.0,64.0,4.0,3200.0, Li-Po,1920.0,1080.0,Android,7,Huawei,2017
Huawei Honor V10,700.0,4.3,68,9,5.99,13.0,64.0,4.0,3750.0, Li-Po,2160.0,1080.0,Android,8,Huawei,2017
Huawei Nova 2 Plus,14990.0,3.0,61,8,5.5,20.0,64.0,4.0,3340.0, Li-Po,1920.0,1080.0,Android,7,Huawei,2017
Huawei Honor V9 Play,806.0,4.5,50,11,5.2,8.0,32.0,3.0,3000.0, Li-Ion,1280.0,720.0,Android,7,Huawei,2017
Motorola One Vision 4GB/128GB,700.0,3.8,90,20,6.3,25.0,128.0,4.0,3500.0, Li-Po,2520.0,1080.0,Android,9,Motorola,2019
Motorola Moto Z4 4GB/128GB,600.0,5.0,89,9,6.4,25.0,128.0,4.0,3600.0, Li-Ion,2340.0,1080.0,Android,9,Motorola,2019
Motorola Moto G7 Play,500.0,4.0,50,8,5.7,8.0,32.0,2.0,3000.0, Li-Ion,1512.0,720.0,Android,9,Motorola,2019
Motorola Moto G7 Power 32GB,886.0,3.5,57,19,6.2,8.0,32.0,3.0,5000.0, Li-Po,1570.0,720.0,Android,9,Motorola,2019
Motorola Moto G7 Plus,1399.0,4.1,60,21,6.2,8.0,64.0,4.0,3000.0, Li-Ion,2270.0,1080.0,Android,9,Motorola,2019
Motorola Moto G7,2915.0,4.7,57,8,6.2,8.0,64.0,4.0,3000.0, Li-Ion,2270.0,1080.0,Android,9,Motorola,2019
Motorola P30 64GB,3159.0,4.7,63,14,6.2,12.0,64.0,6.0,3000.0, Li-Ion,2246.0,1080.0,Android,8,Motorola,2018
Motorola Moto Z,29490.0,3.0,53,7,5.5,5.0,64.0,4.0,2600.0, Li-Ion,2560.0,1440.0,Android,6,Motorola,2016
Motorola Moto E4 Plus,19800.0,4.0,49,12,5.5,5.0,32.0,3.0,5000.0, Li-Ion,1280.0,720.0,Android,7,Motorola,2017
Motorola Moto G4,21999.0,3.0,49,4,5.5,5.0,16.0,2.0,3000.0, Li-Ion,1920.0,1080.0,Android,6,Motorola,2016
Motorola Moto G5 16GB,2090.0,3.8,49,4,5.0,5.0,16.0,2.0,2800.0, Li-Ion,1920.0,1080.0,Android,7,Motorola,2017
Motorola Moto X4,16900.0,3.0,56,8,5.2,16.0,32.0,3.0,3000.0, Li-Ion,1920.0,1080.0,Android,7,Motorola,2017
Motorola Moto C Plus 2 GB RAM,72999.0,2.0,40,3,5.0,2.0,16.0,2.0,4000.0, Li-Po,1280.0,720.0,Android,7,Motorola,2017
Motorola Moto C Plus 1 GB RAM,37999.0,3.0,38,1,5.0,2.0,16.0,1.0,4000.0, Li-Po,1280.0,720.0,Android,7,Motorola,2017
Motorola Moto C 4G,1150.0,1.5,29,4,5.0,2.0,16.0,1.0,2350.0, Li-Po,854.0,480.0,Android,7,Motorola,2017
Motorola Moto C 3G,36499.0,2.0,28,5,5.0,2.0,8.0,1.0,2350.0, Li-Po,854.0,480.0,Android,7,Motorola,2017
Google Pixel 4a 6GB/128GB,599.0,5.0,67,16,5.81,8.0,128.0,6.0,3140.0, Li-Po,2340.0,1080.0,Android,10,Google,2020
Google Pixel 4 XL 6GB/128GB,107000.0,2.3,74,23,6.3,8.0,128.0,6.0,3700.0, Li-Po,3040.0,1440.0,Android,10,Google,2019
Google Pixel 4 XL 6GB/64GB,115999.0,5.0,70,11,6.3,8.0,64.0,6.0,3700.0, Li-Po,3040.0,1440.0,Android,10,Google,2019
Google Pixel 4 6GB/128GB,107999.0,3.7,70,7,5.7,8.0,128.0,6.0,2800.0, Li-Po,2280.0,1080.0,Android,10,Google,2019
Google Pixel 4 6GB/64GB,104999.0,5.0,66,3,5.7,8.0,64.0,6.0,2800.0, Li-Po,2280.0,1080.0,Android,10,Google,2019
Google Pixel 3a XL 4GB/64GB,699.0,5.0,60,7,6.0,8.0,64.0,4.0,3700.0, Li-Po,2160.0,1080.0,Android,9,Google,2019
Google Pixel 3a 4GB/64GB,14199.0,5.0,59,6,5.6,8.0,64.0,4.0,3000.0, Li-Po,2220.0,1080.0,Android,9,Google,2019
Google Pixel 2 XL 128GB,24495.0,4.8,67,12,6.0,8.0,128.0,4.0,3520.0, Li-Ion,2880.0,1440.0,Android,8,Google,2017
Google Pixel 2 XL 64GB,14700.0,4.4,64,22,6.0,8.0,64.0,4.0,3520.0, Li-Ion,2880.0,1440.0,Android,8,Google,2017
Google Pixel 2 128GB,3807.0,4.3,64,5,5.0,8.0,128.0,4.0,2700.0, Li-Ion,1920.0,1080.0,Android,8,Google,2017
Google Pixel 2 64GB,799.0,2.9,60,11,5.0,8.0,64.0,4.0,2700.0, Li-Ion,1920.0,1080.0,Android,8,Google,2017
Google Pixel XL 128 GB,34000.0,4.0,60,7,5.5,8.0,128.0,4.0,3450.0, Li-Ion,2560.0,1440.0,Android,7,Google,2016
Google Pixel XL 32 GB,14199.0,4.7,55,3,5.5,8.0,32.0,4.0,3450.0, Li-Ion,2560.0,1440.0,Android,7,Google,2016
Google Pixel 128 GB,17999.0,4.0,57,3,5.0,8.0,128.0,4.0,2770.0, Li-Ion,1920.0,1080.0,Android,7,Google,2016
Google Pixel 32 GB,65000.0,4.3,51,9,5.0,8.0,32.0,4.0,2770.0, Li-Ion,1920.0,1080.0,Android,7,Google,2016
Xiaomi Poco X3 NFC 6GB/64GB,8500.0,4.0,100,4,6.67,20.0,64.0,6.0,5160.0, Li-Po,2400.0,1080.0,Android,10,Xiaomi,2020
Xiaomi Redmi K30 Ultra 8GB/128GB,1974.0,5.0,100,10,6.67,20.0,128.0,8.0,4500.0, Li-Po,2400.0,1080.0,Android,10,Xiaomi,2020
Xiaomi Redmi K30 Ultra 6GB/128GB,499.0,5.0,100,9,6.67,20.0,128.0,6.0,4500.0, Li-Po,2400.0,1080.0,Android,10,Xiaomi,2020
Xiaomi Mi 10 Ultra 8GB/256GB,45000.0,4.4,100,6,6.67,20.0,256.0,8.0,4500.0, Li-Ion,2340.0,1080.0,Android,10,Xiaomi,2020
Xiaomi Mi 10 Ultra 8GB/128GB,38000.0,5.0,100,3,6.67,20.0,128.0,8.0,4500.0, Li-Ion,2340.0,1080.0,Android,10,Xiaomi,2020
Xiaomi Redmi 9 Prime 4GB/128GB,11500.0,5.0,68,6,6.53,8.0,128.0,4.0,5020.0, Li-Po,2340.0,1080.0,Android,10,Xiaomi,2020
Xiaomi Redmi 9 Prime 4GB/64GB,11500.0,4.0,64,4,6.53,8.0,64.0,4.0,5020.0, Li-Po,2340.0,1080.0,Android,10,Xiaomi,2020
Xiaomi Redmi 9C 3GB/64GB,28400.0,5.0,62,4,6.53,5.0,64.0,3.0,5000.0, Li-Po,1600.0,720.0,Android,10,Xiaomi,2020
Xiaomi Redmi 9C 2GB/32GB,9199.0,5.0,58,2,6.53,5.0,32.0,2.0,5000.0, Li-Po,1600.0,720.0,Android,10,Xiaomi,2020
Xiaomi Redmi 9A 2GB/32GB,10999.0,2.5,57,6,6.53,5.0,32.0,2.0,5000.0, Li-Po,1600.0,720.0,Android,10,Xiaomi,2020
Xiaomi Poco M2 Pro 6GB/64GB,20199.0,5.0,94,7,6.67,16.0,64.0,6.0,5000.0, Li-Po,2400.0,1080.0,Android,10,Xiaomi,2020
Xiaomi Poco M2 Pro 4GB/64GB,11999.0,4.0,91,6,6.67,16.0,64.0,4.0,5000.0, Li-Po,2400.0,1080.0,Android,10,Xiaomi,2020
Xiaomi Redmi Note 9 Pro Max 6GB/128GB,14499.0,3.7,100,12,6.67,32.0,128.0,6.0,5020.0, Li-Po,2400.0,1080.0,Android,10,Xiaomi,2020
Xiaomi Redmi Note 9 Pro Max 6GB/64GB,14499.0,5.0,100,10,6.67,32.0,64.0,6.0,5020.0, Li-Po,2400.0,1080.0,Android,10,Xiaomi,2020
Xiaomi Redmi 10X 5G 6GB/128GB,14599.0,5.0,98,8,6.57,16.0,128.0,6.0,4520.0, Li-Po,2400.0,1080.0,Android,10,Xiaomi,2020
Xiaomi Redmi 10X 5G 6GB/64GB,12149.0,5.0,95,3,6.57,16.0,64.0,6.0,4520.0, Li-Po,2400.0,1080.0,Android,10,Xiaomi,2020
Xiaomi Redmi 10X 4G 6GB/128GB,11999.0,5.0,96,4,6.53,13.0,128.0,6.0,5020.0, Li-Po,2340.0,1080.0,Android,10,Xiaomi,2020
Xiaomi Redmi 10X 4G 4GB/128GB,25099.0,5.0,93,5,6.53,13.0,128.0,4.0,5020.0, Li-Po,2340.0,1080.0,Android,10,Xiaomi,2020
Xiaomi Redmi Note 9 Pro 6GB/128GB,28000.0,3.9,100,12,6.67,16.0,128.0,6.0,5020.0, Li-Po,2400.0,1080.0,Android,10,Xiaomi,2020
Xiaomi Redmi Note 9 Pro 6GB/64GB,28000.0,3.3,100,1,6.67,16.0,64.0,6.0,5020.0, Li-Po,2400.0,1080.0,Android,10,Xiaomi,2020
Xiaomi Redmi 9 4GB/64GB,7649.0,5.0,64,6,6.53,8.0,64.0,4.0,5020.0, Li-Po,2340.0,1080.0,Android,10,Xiaomi,2020
Xiaomi Redmi 9 3GB/32GB,11500.0,3.3,61,2,6.53,8.0,32.0,3.0,5020.0, Li-Po,2340.0,1080.0,Android,10,Xiaomi,2020
Xiaomi Poco F2 Pro 8GB/256GB,10897.0,5.0,100,5,6.67,20.0,256.0,8.0,4700.0, Li-Po,2400.0,1080.0,Android,10,Xiaomi,2020
Xiaomi Poco F2 Pro 6GB/128GB,13999.0,5.0,100,4,6.67,20.0,128.0,6.0,4700.0, Li-Po,2400.0,1080.0,Android,10,Xiaomi,2020
Xiaomi Redmi Note 9 4GB/128GB,20299.0,3.8,93,9,6.53,13.0,128.0,4.0,5020.0, Li-Po,2340.0,1080.0,Android,10,Xiaomi,2020
Xiaomi Redmi Note 9 3GB/64GB,16989.0,4.5,87,7,6.53,13.0,64.0,3.0,5020.0, Li-Po,2340.0,1080.0,Android,10,Xiaomi,2020
Xiaomi Redmi Note 9S 6GB/128GB,24500.0,4.3,98,24,6.67,16.0,128.0,6.0,5020.0, Li-Po,2400.0,1080.0,Android,10,Xiaomi,2020
Xiaomi Redmi Note 9S 4GB/64GB,22200.0,4.5,91,13,6.67,16.0,64.0,4.0,5020.0, Li-Po,2400.0,1080.0,Android,10,Xiaomi,2020
Xiaomi Mi 10 Youth 5G 8GB/256GB,8795.0,5.0,100,15,6.57,16.0,256.0,8.0,4160.0, Li-Po,2400.0,1080.0,Android,10,Xiaomi,2020
Xiaomi Mi 10 Youth 5G 8GB/128GB,15231.0,3.0,100,4,6.57,16.0,128.0,8.0,4160.0, Li-Po,2400.0,1080.0,Android,10,Xiaomi,2020
Infinix Smart 3 Plus 32GB 2GB,11999.0,3.2,47,54,6.2,8.0,32.0,2.0,3500.0, Li-Po,1520.0,720.0,Android,9,Infinix,2019
Infinix S4 64GB,19000.0,3.2,63,95,6.2,32.0,64.0,6.0,4000.0, Li-Ion,1520.0,720.0,Android,9,Infinix,2019
Infinix S4 32GB,13500.0,4.3,56,57,6.2,32.0,32.0,3.0,4000.0, Li-Ion,1520.0,720.0,Android,9,Infinix,2019
Infinix Hot 7 16GB,2122.0,4.0,41,47,6.2,8.0,16.0,1.0,4000.0, Li-Po,1500.0,720.0,Android,8,Infinix,2019
Infinix Hot 7 32GB,11500.0,3.9,44,107,6.2,8.0,32.0,2.0,4000.0, Li-Po,1500.0,720.0,Android,8,Infinix,2019
Infinix Zero 6 Pro,30999.0,3.9,67,33,6.18,20.0,128.0,6.0,3570.0, Li-Ion,2160.0,1080.0,Android,8,Infinix,2019
Infinix Zero 6,5699.0,4.7,64,21,6.18,20.0,64.0,6.0,3570.0, Li-Ion,2160.0,1080.0,Android,8,Infinix,2019
Infinix Hot 6,25341.0,3.3,43,19,6.0,8.0,16.0,2.0,4000.0, Li-Po,1440.0,720.0,Android,8,Infinix,2018
Infinix Smart 2 Pro 16GB,10200.0,3.5,42,20,5.5,8.0,16.0,2.0,3050.0, Li-Ion,1440.0,720.0,Android,8,Infinix,2018
Infinix Note 5 Stylus 32GB,15000.0,4.7,62,12,6.0,16.0,32.0,4.0,4000.0, Li-Po,2160.0,1080.0,Android,8,Infinix,2018
Infinix Hot 6X 32GB,15000.0,3.0,46,27,6.2,8.0,32.0,3.0,4000.0, Li-Ion,1500.0,720.0,Android,8,Infinix,2018
Infinix Hot 6X,13500.0,3.3,43,25,6.2,8.0,16.0,2.0,4000.0, Li-Ion,1500.0,720.0,Android,8,Infinix,2018
Infinix Hot S3X,17800.0,3.3,52,38,6.2,16.0,32.0,3.0,4000.0, Li-Ion,1500.0,720.0,Android,8,Infinix,2018
Infinix Smart 2 16GB,9600.0,3.2,42,37,5.5,8.0,16.0,2.0,3050.0, Li-Ion,1440.0,720.0,Android,8,Infinix,2019
Infinix Hot 6 Pro 16GB,13800.0,4.6,44,17,6.0,5.0,16.0,2.0,4000.0, Li-Ion,1440.0,720.0,Android,8,Infinix,2018
Infinix Hot 6 Pro,10048.0,3.9,46,61,6.0,5.0,32.0,3.0,4000.0, Li-Ion,1440.0,720.0,Android,8,Infinix,2018
Infinix Hot S3,15000.0,4.5,53,80,5.65,20.0,32.0,3.0,4000.0, Li-Ion,1440.0,720.0,Android,8,Infinix,2018
Infinix Zero 5 Pro,721.0,4.1,72,91,5.98,16.0,128.0,6.0,4350.0, Li-Ion,1920.0,1080.0,Android,7,Infinix,2018
Infinix Zero 5,7100.0,4.3,68,45,5.98,16.0,64.0,6.0,4350.0, Li-Ion,1920.0,1080.0,Android,7,Infinix,2018
Infinix Zero 3,19990.0,3.7,60,21,5.5,5.0,16.0,3.0,3030.0, Li-Ion,1920.0,1080.0,Android,5,Infinix,2016
Infinix Hot 3 LTE,1469.0,4.3,43,16,5.5,5.0,16.0,2.0,3000.0, Li-Ion,1280.0,720.0,Android,5,Infinix,2016
Infinix Hot 4 Pro,1359.0,3.7,43,13,5.5,5.0,16.0,2.0,4000.0, Li-Ion,1280.0,720.0,Android,6,Infinix,2016
Infinix Hot 4 Lite,1569.0,3.7,38,25,5.5,5.0,16.0,1.0,4000.0, Li-Ion,1280.0,720.0,Android,6,Infinix,2016
Infinix Hot 4,1285.0,3.3,40,32,5.5,5.0,16.0,2.0,4000.0, Li-Ion,1280.0,720.0,Android,6,Infinix,2016
Infinix Note 3 Pro,1500.0,4.3,52,35,6.0,5.0,16.0,2.0,4500.0, Li-Ion,1920.0,1080.0,Android,6,Infinix,2016
Infinix Note 3,700.0,3.8,52,38,6.0,5.0,16.0,2.0,4500.0, Li-Ion,1920.0,1080.0,Android,6,Infinix,2016
Infinix Smart,8900.0,4.3,36,16,5.0,2.0,16.0,1.0,3060.0, Li-Ion,1280.0,720.0,Android,7,Infinix,2017
Infinix Zero 4 Plus,15600.0,3.5,69,40,6.0,13.0,64.0,4.0,4000.0, Li-Po,1920.0,1080.0,Android,6,Infinix,2017
Infinix Zero 4,9999.0,3.1,54,20,5.5,8.0,32.0,3.0,3200.0, Li-Ion,1920.0,1080.0,Android,6,Infinix,2017
Samsung Galaxy J5,1278.0,3.2,38,13,5.0,5.0,8.0,15.0,2600.0, Li-Ion,1280.0,720.0,Android,5,Samsung,2015
Samsung Galaxy J5 2017 16GB,1278.0,4.2,48,16,5.2,13.0,16.0,2.0,3000.0, Li-Ion,1280.0,720.0,Android,7,Samsung,2017
Samsung Galaxy J5 2016,13500.0,3.8,40,8,5.2,5.0,16.0,2.0,3100.0, Li-Ion,1280.0,720.0,Android,6,Samsung,2016
Samsung Galaxy J5 Prime 16GB,15600.0,3.4,40,21,5.0,5.0,16.0,2.0,2400.0, Li-Ion,1280.0,720.0,Android,6,Samsung,2016
Samsung Galaxy S7 32GB,9990.0,3.6,61,18,5.1,5.0,32.0,4.0,3000.0, Li-Ion,2560.0,1440.0,Android,6,Samsung,2016
Samsung Galaxy J3 2017,1169.0,3.1,40,15,5.0,5.0,16.0,2.0,2400.0, Li-Ion,1280.0,720.0,Android,7,Samsung,2017
Samsung Galaxy J3 2016,10599.0,2.8,36,9,5.0,5.0,8.0,15.0,2600.0, Li-Ion,1280.0,720.0,Android,5,Samsung,2016
Samsung Galaxy Grand Prime,10599.0,2.6,32,19,5.0,5.0,8.0,1.0,2600.0, Li-Ion,960.0,540.0,Android,4,Samsung,2014
Samsung Galaxy J1 Ace,1150.0,2.9,30,25,4.3,2.0,8.0,1.0,1900.0, Li-Ion,800.0,480.0,Android,4,Samsung,2015
Samsung Galaxy J7 Neo,1150.0,2.9,48,14,5.5,5.0,16.0,2.0,3000.0, Li-Ion,1280.0,720.0,Android,7,Samsung,2017
Samsung Galaxy C5 Pro,1150.0,4.2,61,12,5.2,16.0,64.0,4.0,2600.0, Li-Ion,1920.0,1080.0,Android,7,Samsung,2016
Samsung Galaxy C5 64 GB,399.0,3.0,57,12,5.2,8.0,64.0,4.0,2600.0, Li-Ion,1920.0,1080.0,Android,6,Samsung,2016
Samsung Galaxy C5 32 GB,970.0,4.0,55,13,5.2,8.0,32.0,4.0,2600.0, Li-Ion,1920.0,1080.0,Android,6,Samsung,2016
Samsung Galaxy S7 Edge 128 GB,970.0,4.0,67,16,5.5,5.0,128.0,4.0,3600.0, Li-Ion,2560.0,1440.0,Android,6,Samsung,2016
Samsung Galaxy S7 Edge 64 GB,1150.0,4.0,63,31,5.5,5.0,64.0,4.0,3600.0, Li-Ion,2560.0,1440.0,Android,6,Samsung,2016
Samsung Galaxy S7 Edge 32 GB,12499.0,3.7,62,73,5.5,5.0,32.0,4.0,3600.0, Li-Ion,2560.0,1440.0,Android,6,Samsung,2016
Samsung Galaxy S6 Edge Plus 64 GB,16799.0,2.6,63,20,5.7,5.0,64.0,4.0,3000.0, Li-Ion,2560.0,1440.0,Android,5,Samsung,2015
Samsung Galaxy S6 Edge Plus 32 GB,12499.0,3.7,61,45,5.7,5.0,32.0,4.0,3000.0, Li-Ion,2560.0,1440.0,Android,5,Samsung,2015
Samsung Galaxy Note 5 128 GB,12499.0,3.3,67,4,5.7,5.0,128.0,4.0,3000.0, Li-Po,2560.0,1440.0,Android,5,Samsung,2015
Samsung Galaxy Note 5 64 GB,40999.0,3.8,63,12,5.7,5.0,64.0,4.0,3000.0, Li-Po,2560.0,1440.0,Android,5,Samsung,2015
Samsung Galaxy Note 5 32 GB,40999.0,3.5,61,24,5.7,5.0,32.0,4.0,3000.0, Li-Po,2560.0,1440.0,Android,5,Samsung,2015
Samsung Galaxy Note 8 256 GB,26350.0,4.3,77,19,6.3,8.0,256.0,6.0,3300.0, Li-Ion,2960.0,1440.0,Android,7,Samsung,2017
Samsung Galaxy Note 8 128 GB,499.0,4.3,69,21,6.3,8.0,128.0,6.0,3300.0, Li-Ion,2960.0,1440.0,Android,7,Samsung,2017
Samsung Galaxy Note 8 64 GB,1150.0,3.7,66,54,6.3,8.0,64.0,6.0,3300.0, Li-Ion,2960.0,1440.0,Android,7,Samsung,2017
Samsung Galaxy S8 Plus 128 GB,29301.0,3.8,70,39,6.2,8.0,128.0,6.0,3500.0, Li-Ion,2960.0,1440.0,Android,7,Samsung,2017
Huawei Nova 5 Pro 8GB/128GB,41690.0,3.0,99,15,6.39,32.0,128.0,8.0,3500.0, Li-Po,2340.0,1080.0,Android,9,Huawei,2019
Huawei Nova 5 8GB/128GB,36990.0,5.0,100,8,6.39,32.0,128.0,8.0,3500.0, Li-Po,2340.0,1080.0,Android,9,Huawei,2019
Huawei Y9 Prime (2019) 4GB/128GB,20999.0,4.0,68,145,6.59,16.0,128.0,4.0,4000.0, Li-Po,2340.0,1080.0,Android,9,Huawei,2019
Huawei Y9 Prime (2019) 4GB/64GB,18999.0,4.0,64,25,6.59,16.0,64.0,4.0,4000.0, Li-Po,2340.0,1080.0,Android,9,Huawei,2019
Huawei P20 Lite (2019) 4GB/128GB,20849.0,5.0,68,7,6.4,16.0,128.0,4.0,4000.0, Li-Po,2310.0,1080.0,Android,9,Huawei,2019
Huawei P20 Lite (2019) 4GB/64GB,14030.0,4.2,65,9,6.4,16.0,64.0,4.0,4000.0, Li-Po,2310.0,1080.0,Android,9,Huawei,2019
Huawei Honor 20 Pro,49950.0,4.2,100,7,6.26,32.0,256.0,8.0,4000.0, Li-Po,2340.0,1080.0,Android,9,Huawei,2019
Huawei Honor 20,446342.0,4.5,96,6,6.26,32.0,128.0,6.0,3750.0, Li-Po,2340.0,1080.0,Android,9,Huawei,2019
Huawei Y5 (2019) 16GB,10999.0,2.9,45,45,5.71,5.0,16.0,2.0,3020.0, Li-Ion,1520.0,720.0,Android,9,Huawei,2019
Huawei Honor 20i 128GB 4GB,30899.0,5.0,72,11,6.21,32.0,128.0,4.0,3400.0, Li-Po,2340.0,1080.0,Android,9,Huawei,2019
Huawei Honor 10i,446342.0,5.0,72,8,6.21,32.0,128.0,4.0,3400.0, Li-Po,2340.0,1080.0,Android,9,Huawei,2019
Huawei Y7 Prime (2019) 64GB,15000.0,3.8,58,77,6.26,16.0,64.0,4.0,4000.0, Li-Ion,1520.0,720.0,Android,8,Huawei,2019
Huawei P30 Lite,24500.0,3.8,72,146,6.15,32.0,128.0,4.0,3340.0, Li-Po,2312.0,1080.0,Android,9,Huawei,2019
Huawei P30 Pro 128GB 6GB,659.0,3.8,92,90,6.47,32.0,128.0,6.0,4200.0, Li-Po,2340.0,1080.0,Android,9,Huawei,2019
Huawei P30 128GB 6GB,57500.0,3.2,90,41,6.1,32.0,128.0,6.0,3650.0, Li-Po,2340.0,1080.0,Android,9,Huawei,2019
Huawei Y6 Prime (2019),12499.0,3.7,45,112,6.09,8.0,32.0,2.0,3020.0, Li-Ion,1560.0,720.0,Android,9,Huawei,2019
Huawei Honor View 20 256GB 8GB,31999.0,5.0,100,13,6.4,25.0,256.0,8.0,4000.0, Li-Po,2310.0,1080.0,Android,9,Huawei,2018
Huawei Y6 Pro (2019),30999.0,4.1,47,46,6.09,8.0,32.0,3.0,3020.0, Li-Ion,1560.0,720.0,Android,9,Huawei,2019
Huawei Honor 8X 128GB,372.0,3.7,70,40,6.5,16.0,128.0,4.0,3750.0, Li-Po,2340.0,1080.0,Android,8,Huawei,2018
Huawei Y7 Prime 2019,15700.0,3.4,54,73,6.26,16.0,32.0,3.0,4000.0, Li-Ion,1520.0,720.0,Android,8,Huawei,2019
Huawei Y7 Pro 2019,1150.0,3.7,54,36,6.26,16.0,32.0,3.0,4000.0, Li-Ion,1520.0,720.0,Android,8,Huawei,2019
Huawei Honor View 20 128GB 6GB,1150.0,3.3,97,18,6.4,25.0,128.0,6.0,4000.0, Li-Po,2310.0,1080.0,Android,9,Huawei,2018
Huawei Nova 4,1150.0,3.5,99,27,6.4,25.0,128.0,8.0,3750.0, Li-Ion,2310.0,1080.0,Android,9,Huawei,2018
Huawei Y5 Lite,8700.0,2.0,37,38,5.45,5.0,16.0,1.0,3020.0, Li-Ion,1440.0,720.0,Android,8,Huawei,2018
Huawei P smart 2019,22999.0,4.7,59,16,6.21,8.0,64.0,3.0,3400.0, Li-Ion,2340.0,1080.0,Android,9,Huawei,2019
Huawei Enjoy 9 32GB,1150.0,2.5,54,11,6.26,8.0,32.0,3.0,4000.0, Li-Po,1520.0,720.0,Android,8,Huawei,2018
Huawei Honor 10 64GB,599.0,4.0,65,10,5.84,24.0,64.0,4.0,3400.0, Li-Po,2280.0,1080.0,Android,8,Huawei,2018
Huawei Honor 10 Lite 64GB,599.0,4.5,61,17,6.21,24.0,64.0,4.0,3400.0, Li-Po,2340.0,1080.0,Android,9,Huawei,2018
Tecno Spark 6 Air 3GB/32GB,14999.0,4.0,54,13,7.0,8.0,32.0,3.0,6000.0, Li-Po,1640.0,720.0,Android,10,Tecno,2020
Tecno Spark 6 Air 2GB/32GB,9699.0,4.5,52,4,7.0,8.0,32.0,2.0,6000.0, Li-Po,1640.0,720.0,Android,10,Tecno,2020
Tecno Pop 4 2GB/32GB,9499.0,3.2,40,29,6.0,8.0,32.0,2.0,5000.0, Li-Po,960.0,480.0,Android,10,Tecno,2020
Tecno Pouvoir 4 Pro 6GB/128GB,19500.0,5.0,74,36,7.0,16.0,128.0,6.0,6000.0, Li-Po,1640.0,720.0,Android,10,Tecno,2020
Tecno Pouvoir 4 Pro 4GB/64GB,1210.0,4.0,67,19,7.0,16.0,64.0,4.0,6000.0, Li-Po,1640.0,720.0,Android,10,Tecno,2020
Tecno Spark 5 Pro 4GB/64GB,1210.0,4.7,63,26,6.6,8.0,64.0,4.0,5000.0, Li-Po,1600.0,720.0,Android,10,Tecno,2020
Tecno Pouvoir 4 3GB/32GB,14699.0,4.0,63,23,7.0,16.0,32.0,3.0,6000.0, Li-Po,1640.0,720.0,Android,10,Tecno,2020
Tecno Pouvoir 4 6GB/128GB,799.0,4.4,74,24,7.0,16.0,128.0,6.0,6000.0, Li-Po,1640.0,720.0,Android,10,Tecno,2020
Tecno Camon 15 Air 3GB/64GB,14799.0,2.7,85,23,6.6,8.0,64.0,3.0,5000.0, Li-Po,1600.0,720.0,Android,10,Tecno,2020
Tecno Spark 5 Air 2GB/32GB,12499.0,2.3,51,27,7.0,8.0,32.0,2.0,5000.0, Li-Po,1640.0,720.0,Android,10,Tecno,2020
Tecno Spark 5 2GB/32GB,12999.0,4.4,57,17,6.6,8.0,32.0,2.0,5000.0, Li-Po,1600.0,720.0,Android,10,Tecno,2020
Tecno Camon 15 Premier 6GB/128GB,25499.0,3.4,100,49,6.6,32.0,128.0,6.0,4000.0, Li-Po,2340.0,1080.0,Android,10,Tecno,2020
Tecno Camon 15 Pro,2090.0,3.0,88,101,6.53,32.0,128.0,6.0,4000.0, Li-Ion,1548.0,720.0,Android,10,Tecno,2020
Tecno Camon 15,15999.0,3.8,84,60,6.55,16.0,64.0,4.0,5000.0, Li-Ion,1548.0,720.0,Android,10,Tecno,2020
Tecno Pop 2 Plus,8000.0,2.8,37,85,6.0,8.0,16.0,1.0,5000.0, Li-Po,960.0,480.0,Android,8,Tecno,2019
Tecno Spark 4 Air 2GB/32GB,29999.0,3.5,45,78,6.1,5.0,32.0,2.0,3000.0, Li-Ion,1560.0,720.0,Android,9,Tecno,2019
Tecno Spark 4 2GB/32GB,11499.0,3.1,48,127,6.52,8.0,32.0,2.0,4000.0, Li-Ion,1600.0,720.0,Android,9,Tecno,2019
Tecno Camon 12 Air 3GB/32GB,13500.0,2.3,52,78,6.55,8.0,32.0,3.0,4000.0, Li-Ion,1600.0,720.0,Android,9,Tecno,2019
Tecno Camon 12 Pro 6GB/64GB,16999.0,3.3,61,138,6.4,32.0,64.0,6.0,3500.0, Li-Ion,1548.0,720.0,Android,9,Tecno,2019
Tecno Camon 12 4GB/64GB,15500.0,2.9,58,296,6.52,16.0,64.0,4.0,4000.0, Li-Ion,1600.0,720.0,Android,9,Tecno,2019
Tecno Phantom 9,23499.0,3.6,71,242,6.4,32.0,128.0,6.0,3500.0, Li-Ion,2340.0,1080.0,Android,9,Tecno,2019
Tecno Pouvoir 3 Air,8800.0,3.6,43,100,6.0,8.0,16.0,1.0,5000.0, Li-Po,480.0,960.0,Android,9,Tecno,2019
Tecno Pouvoir 3,13000.0,3.2,47,69,6.2,13.0,32.0,2.0,5000.0, Li-Po,720.0,1500.0,Android,8,Tecno,2019
Tecno Spark 3 Pro,12500.0,3.3,47,175,6.2,8.0,32.0,2.0,3500.0, Li-Ion,1500.0,720.0,Android,9,Tecno,2019
Tecno Pouvoir 2 Air,9000.0,3.8,44,58,6.0,8.0,16.0,1.0,5000.0, Li-Po,720.0,1440.0,Android,8,Tecno,2018
Tecno Pop 2,6500.0,3.9,29,58,5.5,8.0,8.0,1.0,2400.0, Li-Ion,480.0,960.0,Android,8,Tecno,2019
Tecno Camon 11 32GB,15000.0,3.2,46,136,6.2,16.0,32.0,3.0,3750.0, Li-Ion,1500.0,720.0,Android,8,Tecno,2018
BlackBerry Keyone Dual SIM 64GB,6399.0,3.5,60,15,4.5,8.0,64.0,4.0,3500.0, Li-Ion,1620.0,1080.0,Android,7,BlackBerry,2017
BlackBerry Key2 LE 32GB,46500.0,4.5,56,4,4.5,8.0,32.0,4.0,3000.0, Li-Ion,1620.0,1080.0,Android,8,BlackBerry,2018
BlackBerry Key2 128GB,68500.0,4.5,68,8,4.5,8.0,128.0,6.0,3500.0, Li-Ion,1620.0,1080.0,Android,8,BlackBerry,2018
BlackBerry Evolve X,11999.0,5.0,65,15,5.99,16.0,64.0,6.0,4000.0, Li-Ion,2160.0,1080.0,Android,8,BlackBerry,2018
BlackBerry Evolve,3998.0,3.9,60,24,5.99,16.0,64.0,4.0,4000.0, Li-Ion,2160.0,1080.0,Android,8,BlackBerry,2018
BlackBerry Key2 64GB,58500.0,3.1,64,15,4.5,8.0,64.0,6.0,3500.0, Li-Ion,1620.0,1080.0,Android,8,BlackBerry,2018
BlackBerry Z10,31999.0,4.0,33,6,4.2,2.0,16.0,2.0,1800.0, Li-Ion,1280.0,768.0,Other,10,BlackBerry,2013
BlackBerry Keyone Black Edition,31999.0,3.7,60,6,4.5,8.0,64.0,4.0,3505.0, Li-Ion,1620.0,1080.0,Android,7,BlackBerry,2017
BlackBerry Motion,10999.0,4.5,59,23,5.5,8.0,32.0,4.0,4000.0, Li-Ion,1920.0,1080.0,Android,7,BlackBerry,2017
BlackBerry Passport,10999.0,2.0,53,31,4.5,2.0,32.0,3.0,3450.0, Li-Ion,1440.0,1440.0,Other,10,BlackBerry,2014
BlackBerry Priv,10999.0,4.1,58,14,5.4,2.0,32.0,3.0,3410.0, Li-Ion,2560.0,1440.0,Android,5,BlackBerry,2015
BlackBerry Aurora,1799.0,2.5,45,7,5.5,8.0,32.0,4.0,3000.0, Li-Ion,1280.0,720.0,Android,7,BlackBerry,2017
BlackBerry Keyone 64 GB,399.0,4.2,60,10,4.5,8.0,64.0,4.0,3505.0, Li-Ion,1620.0,1080.0,Android,7,BlackBerry,2017
BlackBerry Keyone 32 GB,9780.0,2.6,56,5,4.5,8.0,32.0,3.0,3505.0, Li-Ion,1620.0,1080.0,Android,7,BlackBerry,2017
BlackBerry DTEK60,20000.0,4.7,60,18,5.5,8.0,32.0,4.0,3000.0, Li-Ion,2560.0,1440.0,Android,6,BlackBerry,2016
BlackBerry DTEK50,16500.0,3.8,50,14,5.2,8.0,16.0,3.0,2610.0, Li-Ion,1920.0,1080.0,Android,6,BlackBerry,2016
Sony Xperia XZ 64GB,26500.0,4.0,59,9,5.2,13.0,64.0,3.0,2900.0, Li-Ion,1920.0,1080.0,Android,6,Sony,2016
Sony Xperia XZ2,53500.0,3.8,68,7,5.7,5.0,64.0,4.0,3180.0, Li-Ion,2160.0,1080.0,Android,8,Sony,2018
Sony Xperia L2,19500.0,3.5,45,14,5.5,8.0,32.0,3.0,3300.0, Li-Ion,1280.0,720.0,Android,7,Sony,2018
Sony Xperia XZ Premium,43500.0,3.7,73,12,5.46,13.0,64.0,4.0,3230.0, Li-Ion,2160.0,3840.0,Android,7,Sony,2017
Sony Xperia XZs 64GB,51500.0,4.0,58,3,5.2,13.0,64.0,4.0,2900.0, Li-Ion,1920.0,1080.0,Android,7,Sony,2017
Sony Xperia XZs 32GB,46000.0,4.0,56,3,5.2,13.0,32.0,4.0,2900.0, Li-Ion,1920.0,1080.0,Android,7,Sony,2017
Sony Xperia XA Ultra,25500.0,3.3,59,7,6.0,16.0,16.0,3.0,2700.0, Li-Ion,1920.0,1080.0,Android,6,Sony,2016
Sony Xperia XA,12500.0,2.6,48,20,5.0,8.0,16.0,2.0,2300.0, Li-Ion,1280.0,720.0,Android,6,Sony,2016
Vivo Y11 (2019) 3GB/32GB,15999.0,4.0,58,4,6.35,8.0,32.0,3.0,5000.0, Li-Po,1544.0,720.0,Android,9,Vivo,2019
Vivo Y19 8GB/128GB,28500.0,2.7,77,31,6.53,16.0,128.0,8.0,5000.0, Li-Po,2340.0,1080.0,Android,9,Vivo,2019
Apple iPhone 6s Plus 64 GB,30500.0,4.0,44,20,5.5,5.0,64.0,2.0,2750.0, Li-Ion,1920.0,1080.0,IOS,9,Apple,2015
Apple iPhone 6s Plus 32 GB,32000.0,4.5,42,16,5.5,5.0,32.0,2.0,2750.0, Li-Ion,1920.0,1080.0,IOS,9,Apple,2015
Apple iPhone 6s Plus 16 GB,33000.0,3.3,41,13,5.5,5.0,16.0,2.0,2750.0, Li-Ion,1920.0,1080.0,IOS,9,Apple,2015
Apple iPhone 6s 128 GB,23999.0,3.5,43,20,4.7,5.0,128.0,2.0,1715.0, Li-Ion,1334.0,750.0,IOS,9,Apple,2015
Apple iPhone 6s 64 GB,23500.0,2.9,40,31,4.7,5.0,64.0,2.0,1715.0, Li-Ion,1334.0,750.0,IOS,9,Apple,2015
Apple iPhone 6s 32 GB,25000.0,3.5,38,23,4.7,5.0,32.0,2.0,1715.0, Li-Ion,1334.0,750.0,IOS,9,Apple,2015
Apple iPhone 6s 16 GB,23000.0,2.6,37,13,4.7,5.0,16.0,2.0,1715.0, Li-Ion,1334.0,750.0,IOS,9,Apple,2015
Apple iPhone 7 Plus 256 GB,43000.0,3.6,63,14,5.5,7.0,256.0,3.0,2900.0, Li-Ion,1920.0,1080.0,IOS,10,Apple,2016
Apple iPhone 7 Plus 128 GB,40000.0,3.9,55,43,5.5,7.0,128.0,3.0,2900.0, Li-Ion,1920.0,1080.0,IOS,10,Apple,2016
Apple iPhone 7 Plus 32 GB,38000.0,3.5,50,30,5.5,7.0,32.0,3.0,2900.0, Li-Ion,1920.0,1080.0,IOS,10,Apple,2016
Apple iPhone 7 256 GB,40000.0,3.0,57,6,4.7,7.0,256.0,2.0,1960.0, Li-Ion,1334.0,750.0,IOS,10,Apple,2016
Apple iPhone 7 128 GB,32000.0,3.5,50,28,4.7,7.0,128.0,2.0,1960.0, Li-Ion,1334.0,750.0,IOS,10,Apple,2016
Apple iPhone 7 32 GB,29500.0,3.4,44,66,4.7,7.0,32.0,2.0,1960.0, Li-Ion,1334.0,750.0,IOS,10,Apple,2016
Vivo Y17 4GB/128GB,23499.0,4.0,67,43,6.35,20.0,128.0,4.0,5000.0, Li-Po,1544.0,720.0,Android,9,Vivo,2019
Vivo Y15 4GB/64GB,21499.0,3.8,62,20,6.35,16.0,64.0,4.0,5000.0, Li-Po,1544.0,720.0,Android,9,Vivo,2019
Vivo Y12 4GB/64GB,18499.0,3.3,62,28,6.35,8.0,64.0,4.0,5000.0, Li-Po,1544.0,720.0,Android,9,Vivo,2019
Huawei Y8p 6GB/128GB,23499.0,3.2,95,33,6.3,16.0,128.0,6.0,4000.0, Li-Po,2400.0,1080.0,Android,10,Huawei,2020
Huawei P40 lite 5G 6GB/128GB,26500.0,3.0,100,20,6.5,16.0,128.0,6.0,4000.0, Li-Po,2400.0,1080.0,Android,10,Huawei,2020
Huawei Y6p 3GB/64GB,14999.0,3.0,60,25,6.3,8.0,64.0,3.0,5000.0, Li-Po,1600.0,720.0,Android,10,Huawei,2020
Huawei Y5p 2GB/32GB,9799.0,5.0,48,11,5.45,5.0,32.0,2.0,3020.0, Li-Po,1440.0,720.0,Android,10,Huawei,2020
Huawei P40 Pro 8GB/256GB,102000.0,5.0,100,12,6.58,32.0,256.0,8.0,4200.0, Li-Po,2640.0,1200.0,Android,10,Huawei,2020
Huawei P30 Pro 8GB/256GB,69999.0,3.9,100,23,6.47,32.0,256.0,8.0,4200.0, Li-Po,2340.0,1080.0,Android,9,Huawei,2019
Huawei Y7p 4GB/64GB,17300.0,4.2,85,23,6.39,8.0,64.0,4.0,4000.0, Li-Po,1560.0,720.0,Android,9,Huawei,2020
Huawei Nova 7i 8GB/128GB,28500.0,3.7,99,54,6.4,16.0,128.0,8.0,4200.0, Li-Po,2310.0,1080.0,Android,10,Huawei,2020
Nokia 1.3 1GB/16GB,11499.0,3.0,35,18,5.71,5.0,16.0,1.0,3000.0, Li-Po,1520.0,720.0,Android,10,Nokia,2020
Nokia 5.3 6GB/64GB,20999.0,3.9,63,38,6.55,8.0,64.0,6.0,4000.0, Li-Po,1600.0,720.0,Android,10,Nokia,2020
Nokia C2 1GB/16GB,8500.0,3.0,33,8,5.7,5.0,16.0,1.0,2800.0, Li-Ion,1440.0,720.0,Android,9,Nokia,2020
Nokia C1 1GB/16GB,7200.0,2.4,30,18,5.45,5.0,16.0,1.0,2500.0, Li-Ion,960.0,480.0,Android,9,Nokia,2019
Nokia 2.3 2GB/32GB,11499.0,3.1,48,49,6.2,5.0,32.0,2.0,4000.0, Li-Po,1520.0,720.0,Android,9,Nokia,2019
Nokia 3.1 3GB/32GB,10600.0,4.5,51,41,5.2,8.0,32.0,3.0,2990.0, Li-Ion,1440.0,720.0,Android,8,Nokia,2018
Nokia 7.2 6GB/128GB,29999.0,4.1,93,69,6.3,20.0,128.0,6.0,3500.0, Li-Po,2280.0,1080.0,Android,9,Nokia,2019
Nokia 7.2 4GB/64GB,26000.0,3.7,86,23,6.3,20.0,64.0,4.0,3500.0, Li-Po,2280.0,1080.0,Android,9,Nokia,2019
Nokia 6.2 4GB/64GB,20500.0,5.0,61,30,6.3,8.0,64.0,4.0,3500.0, Li-Po,2280.0,1080.0,Android,9,Nokia,2019
Nokia 2.2 2GB/16GB,9500.0,3.9,45,39,5.71,5.0,16.0,2.0,3000.0, Li-Ion,1520.0,720.0,Android,9,Nokia,2019
